visit_id,merchandiser_id,outlet_id,check_in,check_out,checkin_lat,checkin_lon,photos,manager_signoff,town,lat,lon,geofence_m,distance_m,duration_min,fail_geofence,fail_duration,fail_evidence,fail_signoff,ghost_visit
V000039,M01,NAI-002,2026-07-08 09:37:11,2026-07-08 09:38:28,-1.2651988991648526,36.86702202749586,0,True,Nairobi,-1.284195691922077,36.85720645736664,150,2377.5,1.2833333333333334,True,True,True,False,True
V000042,M01,NAI-037,2026-07-09 09:14:46,2026-07-09 09:43:11,-1.2350018870183987,36.83104406701413,0,False,Nairobi,-1.2544362092471917,36.816838013179854,75,2676.6,28.416666666666668,True,False,True,True,True
V000045,M01,NAI-010,2026-07-09 13:32:40,2026-07-09 14:19:08,-1.361220266503682,36.8011366955833,0,False,Nairobi,-1.3615027913246154,36.80083921312461,100,45.6,46.46666666666667,False,False,True,True,True
V000046,M01,NAI-039,2026-07-09 14:55:43,2026-07-09 14:57:58,-1.3366348589479966,36.75624578263841,3,False,Nairobi,-1.3366461235209963,36.755940131651805,75,34.0,2.25,False,True,False,True,True
V000052,M01,NAI-041,2026-07-10 15:48:04,2026-07-10 16:05:21,-1.2187523869794348,36.79206577213772,0,False,Nairobi,-1.2186573012054185,36.79204830455764,75,10.7,17.283333333333335,False,False,True,True,True
V000066,M01,NAI-004,2026-07-14 09:17:28,2026-07-14 09:18:49,-1.240846013243746,36.82344263301228,0,False,Nairobi,-1.275293389755198,36.82016242746994,75,3847.7,1.35,True,True,True,True,True
V000076,M01,NAI-029,2026-07-16 14:57:31,2026-07-16 15:24:16,-1.2634788799844685,36.87825891248728,6,True,Nairobi,-1.2889186077701027,36.8547104493186,100,3854.2,26.75,True,False,False,False,True
V000102,M01,NAI-011,2026-07-22 12:15:57,2026-07-22 12:20:42,-1.264134537438798,36.84320977483278,0,False,Nairobi,-1.2874550283620323,36.8203992695801,75,3626.9,4.75,True,True,True,True,True
V000126,M01,NAI-021,2026-07-27 09:52:09,2026-07-27 10:34:05,-1.2686633886042646,36.81122033781741,0,False,Nairobi,-1.2686993124898944,36.81133653623948,100,13.5,41.93333333333333,False,False,True,True,True
V000131,M01,NAI-020,2026-07-28 14:48:48,2026-07-28 15:31:04,-1.3228740512559234,36.81971680532585,2,True,Nairobi,-1.3219786670631568,36.81923548686314,100,113.0,42.266666666666666,True,False,False,False,True
V000147,M01,NAI-016,2026-07-30 12:45:33,2026-07-30 12:47:59,-1.2578020373823768,36.76671472733954,5,True,Nairobi,-1.284086546772348,36.78024832520747,150,3287.2,2.433333333333333,True,True,False,False,True
V000173,M01,NAI-006,2026-08-06 15:48:58,2026-08-06 15:52:07,-1.3162520017315733,36.80405903415488,0,False,Nairobi,-1.3263264364185523,36.8032715271688,100,1123.6,3.15,True,True,True,True,True
V000177,M01,NAI-033,2026-08-06 09:49:13,2026-08-06 09:51:53,-1.2766669302270537,36.81049338249567,6,False,Nairobi,-1.2896231133525935,36.81108147316103,100,1442.1,2.6666666666666665,True,True,False,True,True
V000189,M01,NAI-037,2026-08-10 13:30:04,2026-08-10 13:34:26,-1.2495408853181582,36.81327763873649,3,False,Nairobi,-1.2544362092471917,36.816838013179854,75,673.0,4.366666666666666,True,True,False,True,True
V000217,M01,NAI-022,2026-08-17 10:09:37,2026-08-17 10:34:24,-1.2764509881628243,36.82143515138849,0,False,Nairobi,-1.2879955196044826,36.83701742682503,150,2156.0,24.783333333333335,True,False,True,True,True
V000239,M01,NAI-029,2026-08-20 10:30:29,2026-08-20 10:53:53,-1.3016212296896803,36.830466676862265,0,False,Nairobi,-1.2889186077701027,36.8547104493186,100,3042.8,23.4,True,False,True,True,True
V000244,M01,NAI-022,2026-08-21 13:48:23,2026-08-21 14:29:26,-1.288133762112489,36.837217406245045,0,False,Nairobi,-1.2879955196044826,36.83701742682503,150,27.0,41.05,False,False,True,True,True
V000271,M02,NAI-013,2026-07-02 13:27:32,2026-07-02 13:53:32,-1.3115087984582865,36.8482179332369,3,True,Nairobi,-1.310265117182768,36.84882695870158,150,154.0,26.0,True,False,False,False,True
V000294,M02,NAI-031,2026-07-07 13:27:55,2026-07-07 13:50:42,-1.2691452079305927,36.84286325927344,0,True,Nairobi,-1.2935058620155375,36.862705882013685,150,3493.3,22.783333333333335,True,False,True,False,True
V000297,M02,NAI-010,2026-07-07 09:13:35,2026-07-07 09:16:58,-1.3612758683541804,36.80048448739057,3,False,Nairobi,-1.3615027913246154,36.80083921312461,100,46.8,3.3833333333333333,False,True,False,True,True
V000316,M02,NAI-010,2026-07-10 14:32:07,2026-07-10 15:23:19,-1.3620274100871743,36.80041828698264,0,False,Nairobi,-1.3615027913246154,36.80083921312461,100,74.8,51.2,False,False,True,True,True
V000340,M02,NAI-033,2026-07-16 13:52:21,2026-07-16 13:56:11,-1.2554325245041762,36.81703135906472,0,False,Nairobi,-1.2896231133525935,36.81108147316103,100,3858.9,3.8333333333333335,True,True,True,True,True
V000357,M02,NAI-031,2026-07-21 10:25:50,2026-07-21 10:27:50,-1.2937449736005835,36.86219611910583,2,False,Nairobi,-1.2935058620155375,36.862705882013685,150,62.6,2.0,False,True,False,True,True
V000392,M02,NAI-032,2026-07-29 13:29:44,2026-07-29 14:14:15,-1.2965384887232074,36.82727810289492,2,True,Nairobi,-1.295110411650942,36.82757767201856,150,162.2,44.516666666666666,True,False,False,False,True
V000425,M02,NAI-036,2026-08-05 13:08:26,2026-08-05 13:09:46,-1.262391020044201,36.80888068904814,2,False,Nairobi,-1.2659485693019796,36.80680391344861,150,458.0,1.3333333333333333,True,True,False,True,True
V000426,M02,NAI-026,2026-08-05 11:23:32,2026-08-05 12:05:25,-1.2598687654704337,36.85056589690805,3,True,Nairobi,-1.2590370838369878,36.85135666022362,100,127.6,41.88333333333333,True,False,False,False,True
V000482,M02,NAI-015,2026-08-17 12:52:53,2026-08-17 12:57:13,-1.3370039052959306,36.80119883375467,3,False,Nairobi,-1.3035080129822991,36.81364894151248,150,3973.4,4.333333333333333,True,True,False,True,True
V000518,M02,NAI-012,2026-08-25 11:17:32,2026-08-25 12:00:55,-1.3014612170449922,36.78755729462971,2,True,Nairobi,-1.300332598281018,36.7876444276583,100,125.9,43.38333333333333,True,False,False,False,True
V000522,M03,NAK-007,2026-07-01 10:45:17,2026-07-01 11:11:43,-0.3092750582923605,36.082289673824704,6,True,Nakuru,-0.3091080127716883,36.08162910835141,75,75.8,26.433333333333334,True,False,False,False,True
V000527,M03,NAK-026,2026-07-02 15:23:03,2026-07-02 15:38:21,-0.3449197112950661,36.08186551745989,5,True,Nakuru,-0.3435969319434882,36.08125121241039,150,162.2,15.3,True,False,False,False,True
V000550,M03,NAK-016,2026-07-07 10:03:58,2026-07-07 10:21:57,-0.3269506929451992,36.09609314821462,2,True,Nakuru,-0.3261179602969458,36.09731140241902,150,164.1,17.983333333333334,True,False,False,False,True
V000562,M03,NAK-028,2026-07-09 09:18:11,2026-07-09 09:21:59,-0.3362610062902333,36.07437233165335,6,True,Nakuru,-0.3286612615149779,36.06487486311977,75,1352.5,3.8,True,True,False,False,True
V000614,M03,NAK-009,2026-07-21 14:37:20,2026-07-21 14:41:16,-0.3202845562049798,36.06102786227867,0,True,Nakuru,-0.3203817615133019,36.06095004537765,100,13.8,3.933333333333333,False,True,True,False,True
V000631,M03,NAK-016,2026-07-23 08:58:47,2026-07-23 09:43:23,-0.3264670338472804,36.0989516793433,4,True,Nakuru,-0.3261179602969458,36.09731140241902,150,186.5,44.6,True,False,False,False,True
V000686,M03,NAK-008,2026-08-05 13:29:51,2026-08-05 13:55:55,-0.2576832441758321,36.09597255316267,6,True,Nakuru,-0.2576451146530867,36.09667063705424,75,77.7,26.066666666666666,True,False,False,False,True
V000707,M03,NAK-003,2026-08-10 08:02:04,2026-08-10 08:34:41,-0.3191740098437769,36.06929914163816,5,True,Nakuru,-0.3196574378929094,36.06831709085374,75,121.7,32.61666666666667,True,False,False,False,True
V000714,M03,NAK-001,2026-08-12 13:26:37,2026-08-12 13:30:10,-0.3083983852333227,36.1157324177079,0,True,Nakuru,-0.3083477629014689,36.11564282651637,75,11.4,3.55,False,True,True,False,True
V000742,M03,NAK-019,2026-08-18 13:01:03,2026-08-18 13:55:46,-0.2883125083392129,36.140870301057376,3,True,Nakuru,-0.2891724175285986,36.14046548160426,75,105.7,54.71666666666667,True,False,False,False,True
V000749,M03,NAK-013,2026-08-19 11:49:43,2026-08-19 12:30:32,-0.3113481318620114,36.0727180389227,6,True,Nakuru,-0.3098172774900168,36.07336896945683,150,185.0,40.81666666666667,True,False,False,False,True
V000764,M03,NAK-028,2026-08-21 12:28:58,2026-08-21 12:33:08,-0.3269680885014988,36.05218759256137,2,False,Nakuru,-0.3286612615149779,36.06487486311977,75,1423.2,4.166666666666667,True,True,False,True,True
V000809,M04,NYE-036,2026-07-07 15:58:33,2026-07-07 16:18:56,-0.4068743939446057,36.926962015480846,6,True,Nyeri,-0.4085006222270197,36.92739066780221,150,187.0,20.383333333333333,True,False,False,False,True
V000833,M04,NYE-004,2026-07-10 12:38:41,2026-07-10 12:42:47,-0.4386972163002859,36.94180269201477,2,False,Nyeri,-0.4296077709639299,36.95431800103846,100,1719.9,4.1,True,True,False,True,True
V000864,M04,NYE-036,2026-07-17 14:51:07,2026-07-17 15:28:46,-0.4371492002681212,36.92938932931997,4,False,Nyeri,-0.4085006222270197,36.92739066780221,150,3193.3,37.65,True,False,False,True,True
V000871,M04,NYE-017,2026-07-20 09:11:30,2026-07-20 09:16:10,-0.4224297000714203,36.91291436386974,3,False,Nyeri,-0.4228137578392851,36.9133457111832,75,64.2,4.666666666666667,False,True,False,True,True
V000873,M04,NYE-008,2026-07-20 12:55:59,2026-07-20 13:27:20,-0.4009429364122688,36.97457395273063,0,True,Nyeri,-0.3975911384255417,36.97161134628614,75,497.4,31.35,True,False,True,False,True
V000878,M04,NYE-033,2026-07-21 09:19:06,2026-07-21 09:35:07,-0.4078331528854338,36.93477319597959,0,False,Nyeri,-0.4157034331956699,36.94275311503464,150,1246.3,16.016666666666666,True,False,True,True,True
V000883,M04,NYE-014,2026-07-22 12:07:31,2026-07-22 12:11:33,-0.406131358146477,36.923899435127375,6,False,Nyeri,-0.3953826394232982,36.934949955435485,150,1714.1,4.033333333333333,True,True,False,True,True
V000893,M04,NYE-024,2026-07-23 13:40:01,2026-07-23 13:42:14,-0.4509623529778584,36.933232395524165,2,False,Nyeri,-0.4484387867924655,36.93988171987026,100,790.8,2.216666666666667,True,True,False,True,True
V000936,M04,NYE-016,2026-08-03 15:09:31,2026-08-03 15:26:02,-0.4212921554609826,36.94558393490664,2,True,Nyeri,-0.4209270975775889,36.94447836926497,100,129.5,16.516666666666666,True,False,False,False,True
V000973,M04,NYE-015,2026-08-11 12:43:46,2026-08-11 13:17:16,-0.4453751544233476,36.88947196378961,5,True,Nyeri,-0.4461051711061277,36.89018578590465,100,113.5,33.5,True,False,False,False,True
V000987,M04,NYE-036,2026-08-13 09:54:39,2026-08-13 09:58:24,-0.4115786970379682,36.93590290226456,3,True,Nyeri,-0.4085006222270197,36.92739066780221,150,1006.5,3.75,True,True,False,False,True
V000992,M04,NYE-017,2026-08-14 12:31:19,2026-08-14 13:24:22,-0.4168636057198896,36.89660607471116,0,False,Nyeri,-0.4228137578392851,36.9133457111832,75,1975.4,53.05,True,False,True,True,True
V000996,M04,NYE-034,2026-08-14 10:38:43,2026-08-14 11:20:15,-0.3973379372680855,36.8774786893324,6,False,Nyeri,-0.4034298032258966,36.897061948796186,150,2280.4,41.53333333333333,True,False,False,True,True
V001007,M04,NYE-033,2026-08-18 12:30:17,2026-08-18 12:59:28,-0.4142688728452737,36.94348057278152,5,True,Nyeri,-0.4157034331956699,36.94275311503464,150,178.9,29.183333333333334,True,False,False,False,True
V001011,M04,NYE-014,2026-08-18 15:23:10,2026-08-18 15:25:38,-0.3958716412496088,36.93494128427003,0,False,Nyeri,-0.3953826394232982,36.934949955435485,150,54.4,2.466666666666667,False,True,True,True,True
V001060,M05,NAK-019,2026-07-03 12:49:40,2026-07-03 13:44:17,-0.2895222409104753,36.13951356294503,3,True,Nakuru,-0.2891724175285986,36.14046548160426,75,112.8,54.61666666666667,True,False,False,False,True
V001066,M05,NAK-011,2026-07-06 12:00:59,2026-07-06 12:27:36,-0.3128238904195337,36.045933161290336,2,True,Nakuru,-0.3133854552645816,36.04672839764898,100,108.3,26.616666666666667,True,False,False,False,True
V001070,M05,NAK-003,2026-07-06 15:04:07,2026-07-06 15:43:43,-0.3058207146082544,36.08822338487176,0,False,Nakuru,-0.3196574378929094,36.06831709085374,75,2695.7,39.6,True,False,True,True,True
V001101,M05,NAK-016,2026-07-13 13:33:33,2026-07-13 14:21:04,-0.3559427999213997,36.09396340003508,6,False,Nakuru,-0.3261179602969458,36.09731140241902,150,3337.2,47.516666666666666,True,False,False,True,True
V001112,M05,NAK-028,2026-07-15 10:30:51,2026-07-15 11:25:05,-0.3422243406233352,36.05028906552158,2,True,Nakuru,-0.3286612615149779,36.06487486311977,75,2214.7,54.233333333333334,True,False,False,False,True
V001119,M05,NAK-013,2026-07-16 13:01:39,2026-07-16 13:25:17,-0.3101474004907458,36.07202774861226,4,True,Nakuru,-0.3098172774900168,36.07336896945683,150,153.6,23.633333333333333,True,False,False,False,True
V001184,M05,NAK-018,2026-07-31 11:25:13,2026-07-31 12:00:21,-0.3024257661532143,36.05842949833398,0,False,Nakuru,-0.2972570322262172,36.07993912917173,150,2459.8,35.13333333333333,True,False,True,True,True
V001194,M05,NAK-025,2026-08-03 09:03:20,2026-08-03 09:44:54,-0.3087765434195779,36.061459651335454,2,True,Nakuru,-0.3089018520619715,36.06220982609175,75,84.6,41.56666666666667,True,False,False,False,True
V001360,M06,KIS-011,2026-07-14 10:52:51,2026-07-14 10:56:25,-0.0698068348153313,34.76526766176691,0,True,Kisumu,-0.0697040820966813,34.76552564883948,100,30.9,3.566666666666667,False,True,True,False,True
V001375,M06,KIS-024,2026-07-16 09:28:40,2026-07-16 09:44:28,-0.046801648420533,34.79508239142369,0,False,Kisumu,-0.0403408506843056,34.81181220301779,75,1994.2,15.8,True,False,True,True,True
V001402,M06,KIS-020,2026-07-22 09:42:52,2026-07-22 10:36:08,-0.0740619410109511,34.77425589775876,6,True,Kisumu,-0.0754229810793177,34.77447114100074,150,153.2,53.266666666666666,True,False,False,False,True
V001429,M06,KIS-019,2026-07-29 13:14:05,2026-07-29 13:59:50,-0.0962097266996783,34.80328479329837,2,True,Kisumu,-0.0908479921533396,34.792162169408314,75,1373.0,45.75,True,False,False,False,True
V001432,M06,KIS-004,2026-07-29 15:26:26,2026-07-29 16:01:42,-0.0782252338398293,34.76578250760265,2,True,Kisumu,-0.0768295678582016,34.766158041147335,150,160.7,35.266666666666666,True,False,False,False,True
V001449,M06,KIS-005,2026-08-03 08:28:43,2026-08-03 09:11:52,-0.1229532588067171,34.74908475147898,2,True,Kisumu,-0.1216788482427781,34.7482582362449,150,168.9,43.15,True,False,False,False,True
V001476,M06,KIS-016,2026-08-07 13:12:41,2026-08-07 13:41:06,-0.0678096844003953,34.7510319471627,4,False,Kisumu,-0.0519932044969182,34.76941359718392,150,2696.4,28.416666666666668,True,False,False,True,True
V001490,M06,KIS-011,2026-08-11 09:50:33,2026-08-11 10:36:17,-0.0600865499741037,34.77716961707013,5,True,Kisumu,-0.0697040820966813,34.76552564883948,100,1679.3,45.733333333333334,True,False,False,False,True
V001529,M06,KIS-015,2026-08-19 11:52:41,2026-08-19 12:40:23,-0.1133081859797492,34.75208390476643,6,True,Kisumu,-0.1125741784113548,34.75209653950683,75,81.6,47.7,True,False,False,False,True
V001548,M06,KIS-000,2026-08-25 13:50:37,2026-08-25 14:27:10,-0.1548640118558403,34.77631674191312,5,True,Kisumu,-0.1552994136292843,34.77577897061012,75,76.9,36.55,True,False,False,False,True
V001584,M07,ELD-004,2026-07-08 12:30:10,2026-07-08 12:50:33,0.4627617472491245,35.25920824081451,0,False,Eldoret,0.4626996668154335,35.25885954449328,100,39.4,20.383333333333333,False,False,True,True,True
V001625,M07,ELD-003,2026-07-15 12:51:45,2026-07-15 13:28:28,0.539635429023133,35.29314523652811,5,True,Eldoret,0.539639177574063,35.2911870518041,150,217.7,36.71666666666667,True,False,False,False,True
V001694,M07,ELD-014,2026-07-30 12:42:06,2026-07-30 13:18:28,0.5457193684597301,35.312901977828666,0,False,Eldoret,0.5204927455338287,35.300051311653625,75,3148.0,36.36666666666667,True,False,True,True,True
V001711,M07,ELD-028,2026-08-04 09:08:55,2026-08-04 09:51:09,0.4986352691803091,35.24587332286907,5,True,Eldoret,0.4979156810217072,35.24518136297587,100,111.0,42.233333333333334,True,False,False,False,True
V001770,M07,ELD-036,2026-08-17 11:23:08,2026-08-17 11:45:58,0.5325670608970308,35.26938146687657,2,True,Eldoret,0.5320963174214094,35.26858125478349,100,103.2,22.833333333333332,True,False,False,False,True
V001795,M07,ELD-000,2026-08-21 10:56:23,2026-08-21 11:49:08,0.5684278515486983,35.2882268768674,2,True,Eldoret,0.5701262731998401,35.287759168543126,150,195.9,52.75,True,False,False,False,True
V001796,M07,ELD-033,2026-08-21 10:07:33,2026-08-21 10:28:52,0.4982382384263748,35.31489696163329,0,False,Eldoret,0.49845490932728,35.31494905049195,75,24.8,21.316666666666666,False,False,True,True,True
V001813,M08,NYE-016,2026-07-01 15:07:49,2026-07-01 15:56:08,-0.3906615001360736,36.95497245573901,6,True,Nyeri,-0.4209270975775889,36.94447836926497,100,3561.9,48.31666666666667,True,False,False,False,True
V001850,M08,NYE-035,2026-07-09 11:09:54,2026-07-09 11:51:58,-0.4068125564648267,36.95347901282574,4,True,Nyeri,-0.4061863998556463,36.95429112398571,100,114.0,42.06666666666667,True,False,False,False,True
V001856,M08,NYE-019,2026-07-09 14:14:33,2026-07-09 14:16:36,-0.3525191113099118,36.93920684950517,0,False,Nyeri,-0.3639979963694291,36.94289032919247,150,1340.5,2.05,True,True,True,True,True
V001979,M08,NYE-033,2026-08-06 12:32:26,2026-08-06 13:12:06,-0.4143070644025091,36.942754786046095,3,True,Nyeri,-0.4157034331956699,36.94275311503464,150,155.3,39.666666666666664,True,False,False,False,True
V002134,M09,MOM-017,2026-07-13 14:14:44,2026-07-13 15:03:34,-4.0526431719318925,39.65041979760479,3,True,Mombasa,-4.052800557800068,39.65119306848492,75,87.5,48.833333333333336,True,False,False,False,True
V002188,M09,MOM-000,2026-07-24 10:04:48,2026-07-24 10:07:42,-4.082036833799561,39.67740239360201,0,False,Mombasa,-4.049177909907597,39.68907388865362,100,3876.3,2.9,True,True,True,True,True
V002231,M09,MOM-041,2026-08-04 12:36:24,2026-08-04 13:04:26,-4.042625139573736,39.6934296097156,4,True,Mombasa,-4.043372161659425,39.69319182431016,75,87.2,28.033333333333335,True,False,False,False,True
V002355,M10,NAI-000,2026-07-06 13:16:46,2026-07-06 13:48:10,-1.276448640176048,36.80956895728015,5,True,Nairobi,-1.277037633874746,36.80877586433913,100,109.8,31.4,True,False,False,False,True
V002361,M10,NAI-033,2026-07-07 15:45:03,2026-07-07 16:20:33,-1.3081709240744523,36.83173974643239,5,False,Nairobi,-1.2896231133525935,36.81108147316103,100,3086.7,35.5,True,False,False,True,True
V002463,M10,NAI-014,2026-07-27 09:39:11,2026-07-27 10:23:13,-1.2877208901452255,36.8442109754728,2,True,Nairobi,-1.2869756511483657,36.84353169602149,100,112.1,44.03333333333333,True,False,False,False,True
V002536,M10,NAI-001,2026-08-12 15:44:12,2026-08-12 16:00:17,-1.3129589149636074,36.80403670761645,2,True,Nairobi,-1.3127177551627185,36.80335987644485,75,79.9,16.083333333333332,True,False,False,False,True
V002594,M10,NAI-011,2026-08-24 10:24:24,2026-08-24 10:27:05,-1.2874834081188231,36.82019910373473,0,True,Nairobi,-1.2874550283620323,36.8203992695801,75,22.5,2.683333333333333,False,True,True,False,True
V002612,M11,NYE-031,2026-07-02 14:45:28,2026-07-02 14:47:49,-0.4132390860685467,36.95111894682218,2,False,Nyeri,-0.4280910110918643,36.93042164589456,100,2832.6,2.35,True,True,False,True,True
V002668,M11,NYE-037,2026-07-14 10:47:17,2026-07-14 11:41:38,-0.4279349072124123,36.96678384371304,6,True,Nyeri,-0.427783801749043,36.966111749936495,75,76.6,54.35,True,False,False,False,True
V002675,M11,NYE-009,2026-07-15 09:57:38,2026-07-15 10:18:22,-0.4501789648859985,36.90503396668184,3,True,Nyeri,-0.4488394663545098,36.90528692670611,150,151.6,20.733333333333334,True,False,False,False,True
V002770,M11,NYE-000,2026-08-03 14:03:30,2026-08-03 14:20:32,-0.4064731858639444,36.92217239074208,4,True,Nyeri,-0.4086171633499624,36.922778976648665,150,247.8,17.033333333333335,True,False,False,False,True
V002852,M11,NYE-013,2026-08-20 09:36:47,2026-08-20 10:11:23,-0.4641720873886502,36.91786232481273,2,True,Nyeri,-0.4651883730191868,36.91768226448506,100,114.8,34.6,True,False,False,False,True
V002879,M12,NAI-039,2026-07-01 13:15:22,2026-07-01 13:33:39,-1.307756959315127,36.767531754516085,0,False,Nairobi,-1.3366461235209963,36.755940131651805,75,3461.1,18.283333333333335,True,False,True,True,True
V002881,M12,NAI-037,2026-07-01 11:57:44,2026-07-01 11:59:35,-1.2808108523920838,36.82645816967199,0,False,Nairobi,-1.2544362092471917,36.816838013179854,75,3121.6,1.85,True,True,True,True,True
V002882,M12,NAI-036,2026-07-01 10:03:27,2026-07-01 10:38:19,-1.2433975742247476,36.80472268569478,6,False,Nairobi,-1.2659485693019796,36.80680391344861,150,2518.2,34.86666666666667,True,False,False,True,True
V002886,M12,NAI-027,2026-07-02 15:45:54,2026-07-02 15:48:17,-1.3259713164933074,36.79334560783937,2,False,Nairobi,-1.3257058337745278,36.79316072902039,75,36.0,2.3833333333333333,False,True,False,True,True
V002890,M12,NAI-031,2026-07-02 13:25:20,2026-07-02 13:53:48,-1.278839533037882,36.87112969466244,6,False,Nairobi,-1.2935058620155375,36.862705882013685,150,1880.6,28.466666666666665,True,False,False,True,True
V002891,M12,NAI-028,2026-07-03 13:08:00,2026-07-03 13:34:30,-1.3304417781155216,36.80535389449472,0,False,Nairobi,-1.345772593525235,36.80310490405143,75,1722.9,26.5,True,False,True,True,True
V002897,M12,NAI-014,2026-07-06 13:43:14,2026-07-06 13:47:39,-1.2936148319827248,36.87057908422005,0,False,Nairobi,-1.2869756511483657,36.84353169602149,100,3096.1,4.416666666666667,True,True,True,True,True
V002904,M12,NAI-022,2026-07-07 10:09:28,2026-07-07 10:35:48,-1.2937496373801574,36.86794258151223,0,True,Nairobi,-1.2879955196044826,36.83701742682503,150,3496.9,26.333333333333332,True,False,True,False,True
V002914,M12,NAI-007,2026-07-08 12:17:24,2026-07-08 12:18:45,-1.3367700494601609,36.7876998007114,0,True,Nairobi,-1.3430366821940254,36.77831386780645,100,1254.7,1.35,True,True,True,False,True
V002915,M12,NAI-006,2026-07-08 15:05:10,2026-07-08 15:09:11,-1.3264376896487349,36.80326398808025,4,False,Nairobi,-1.3263264364185523,36.8032715271688,100,12.4,4.016666666666667,False,True,False,True,True
V002924,M12,NAI-027,2026-07-09 10:18:51,2026-07-09 10:20:56,-1.3256276313350723,36.79303056026001,4,False,Nairobi,-1.3257058337745278,36.79316072902039,75,16.9,2.0833333333333335,False,True,False,True,True
V002931,M12,NAI-039,2026-07-10 10:22:50,2026-07-10 10:26:40,-1.3367673233753403,36.75588225765941,0,True,Nairobi,-1.3366461235209963,36.755940131651805,75,14.9,3.8333333333333335,False,True,True,False,True
V002934,M12,NAI-038,2026-07-13 08:53:00,2026-07-13 08:57:04,-1.3249528446648349,36.82723898478285,6,False,Nairobi,-1.3247267973597046,36.82740040146636,75,30.9,4.066666666666666,False,True,False,True,True
V002935,M12,NAI-002,2026-07-13 13:47:47,2026-07-13 13:50:55,-1.2800701533392993,36.87932925806979,0,True,Nairobi,-1.284195691922077,36.85720645736664,150,2501.7,3.1333333333333333,True,True,True,False,True
V002937,M12,NAI-006,2026-07-13 08:30:42,2026-07-13 09:16:40,-1.3202884302342988,36.781505486644775,0,False,Nairobi,-1.3263264364185523,36.8032715271688,100,2511.0,45.96666666666667,True,False,True,True,True
V002940,M12,NAI-031,2026-07-14 13:20:54,2026-07-14 14:00:25,-1.2915112645461369,36.87905335739798,2,True,Nairobi,-1.2935058620155375,36.862705882013685,150,1830.8,39.516666666666666,True,False,False,False,True
V002941,M12,NAI-014,2026-07-14 09:40:25,2026-07-14 10:11:03,-1.2625201553069407,36.84509030409143,4,False,Nairobi,-1.2869756511483657,36.84353169602149,100,2724.8,30.633333333333333,True,False,False,True,True
V002945,M12,NAI-010,2026-07-14 08:37:02,2026-07-14 08:40:12,-1.3615122462928668,36.80093615158281,5,False,Nairobi,-1.3615027913246154,36.80083921312461,100,10.8,3.1666666666666665,False,True,False,True,True
V002956,M12,NAI-019,2026-07-16 08:11:42,2026-07-16 09:05:05,-1.3060190763450874,36.876316279036885,6,True,Nairobi,-1.3052441118232168,36.87701249639027,100,115.8,53.38333333333333,True,False,False,False,True
V002961,M12,NAI-041,2026-07-17 09:15:31,2026-07-17 10:01:39,-1.2471580737933183,36.7776047154409,4,False,Nairobi,-1.2186573012054185,36.79204830455764,75,3552.7,46.13333333333333,True,False,False,True,True
V002965,M12,NAI-033,2026-07-17 09:32:58,2026-07-17 10:21:29,-1.3207135510101446,36.809427433056136,0,False,Nairobi,-1.2896231133525935,36.81108147316103,100,3462.0,48.516666666666666,True,False,True,True,True
V002970,M12,NAI-017,2026-07-20 09:52:30,2026-07-20 09:57:21,-1.281210084329023,36.872242155866495,0,True,Nairobi,-1.2837157930886898,36.85776470265225,100,1633.4,4.85,True,True,True,False,True
V002972,M12,NAI-033,2026-07-20 10:54:49,2026-07-20 11:44:48,-1.29061817334265,36.81060151996809,3,True,Nairobi,-1.2896231133525935,36.81108147316103,100,122.8,49.983333333333334,True,False,False,False,True
V002974,M12,NAI-019,2026-07-21 14:45:01,2026-07-21 14:46:50,-1.305140368714759,36.877084351300006,0,False,Nairobi,-1.3052441118232168,36.87701249639027,100,14.0,1.8166666666666667,False,True,True,True,True
V002990,M12,NAI-002,2026-07-24 10:10:49,2026-07-24 10:11:52,-1.2815073116519242,36.86434528019973,0,True,Nairobi,-1.284195691922077,36.85720645736664,150,848.0,1.05,True,True,True,False,True
V003002,M12,NAI-019,2026-07-28 12:30:29,2026-07-28 12:31:55,-1.3052068565190176,36.87706849205387,3,False,Nairobi,-1.3052441118232168,36.87701249639027,100,7.5,1.4333333333333333,False,True,False,True,True
V003003,M12,NAI-003,2026-07-28 13:33:34,2026-07-28 13:36:15,-1.2903918471436306,36.81197185865024,0,True,Nairobi,-1.30076619555654,36.798385753005405,150,1900.5,2.683333333333333,True,True,True,False,True
V003004,M12,NAI-011,2026-07-28 11:49:36,2026-07-28 12:06:18,-1.273805415396759,36.81673410580262,4,True,Nairobi,-1.2874550283620323,36.8203992695801,75,1571.5,16.7,True,False,False,False,True
V003005,M12,NAI-010,2026-07-28 12:06:50,2026-07-28 12:54:44,-1.329307192960166,36.78677451438398,5,False,Nairobi,-1.3615027913246154,36.80083921312461,100,3906.5,47.9,True,False,False,True,True
V003012,M12,NAI-018,2026-07-30 10:40:35,2026-07-30 11:06:57,-1.2316589041323451,36.81253883891356,0,True,Nairobi,-1.260218519359352,36.8205806207709,75,3299.1,26.366666666666667,True,False,True,False,True
V003014,M12,NAI-000,2026-07-30 08:28:07,2026-07-30 09:00:35,-1.288429227247872,36.80580600856531,2,True,Nairobi,-1.277037633874746,36.80877586433913,100,1309.0,32.46666666666667,True,False,False,False,True
V003016,M12,NAI-030,2026-07-30 08:12:55,2026-07-30 09:01:08,-1.3176971868340932,36.82987017856215,0,False,Nairobi,-1.295816402606666,36.80594272317701,150,3604.8,48.21666666666667,True,False,True,True,True
V003024,M12,NAI-005,2026-08-03 15:48:40,2026-08-03 16:16:16,-1.3148017368445104,36.81641930702508,6,True,Nairobi,-1.3139140413412462,36.8161224453261,100,104.1,27.6,True,False,False,False,True
V003027,M12,NAI-012,2026-08-03 11:15:15,2026-08-03 12:00:09,-1.3076331749199095,36.79511132127004,0,True,Nairobi,-1.300332598281018,36.7876444276583,100,1161.0,44.9,True,False,True,False,True
V003029,M12,NAI-025,2026-08-04 09:40:01,2026-08-04 10:34:56,-1.3390588997451318,36.80989316235413,5,True,Nairobi,-1.321615835835504,36.79962095210492,75,2250.8,54.916666666666664,True,False,False,False,True
V003037,M12,NAI-040,2026-08-05 12:54:04,2026-08-05 13:23:21,-1.325902954933469,36.82189065270287,0,False,Nairobi,-1.312997828227958,36.821921583871365,100,1435.0,29.283333333333335,True,False,True,True,True
V003041,M12,NAI-035,2026-08-05 10:48:33,2026-08-05 10:52:35,-1.2511044105254752,36.83681368182329,0,True,Nairobi,-1.2510161667142934,36.83659265508104,150,26.5,4.033333333333333,False,True,True,False,True
V003046,M12,NAI-027,2026-08-06 15:01:38,2026-08-06 15:04:50,-1.3256964005244,36.79315339937256,0,True,Nairobi,-1.3257058337745278,36.79316072902039,75,1.3,3.2,False,True,True,False,True
V003049,M12,NAI-035,2026-08-06 09:54:41,2026-08-06 09:59:24,-1.2580958475568351,36.83749379989205,0,True,Nairobi,-1.2510161667142934,36.83659265508104,150,793.6,4.716666666666667,True,True,True,False,True
V003063,M12,NAI-000,2026-08-11 12:31:07,2026-08-11 12:55:18,-1.2764376236773636,36.808035537318,3,True,Nairobi,-1.277037633874746,36.80877586433913,100,105.9,24.183333333333334,True,False,False,False,True
V003072,M12,NAI-003,2026-08-12 09:13:11,2026-08-12 09:15:41,-1.3004592695584034,36.79792014605411,0,False,Nairobi,-1.30076619555654,36.798385753005405,150,62.0,2.5,False,True,True,True,True
V003082,M12,NAI-008,2026-08-13 14:19:01,2026-08-13 14:22:52,-1.292823135700273,36.779198481872186,3,False,Nairobi,-1.2930527339322404,36.778976605556686,75,35.5,3.85,False,True,False,True,True
V003089,M12,NAI-037,2026-08-17 13:57:07,2026-08-17 14:01:05,-1.28670803935308,36.81251565547859,6,False,Nairobi,-1.2544362092471917,36.816838013179854,75,3620.5,3.966666666666667,True,True,False,True,True
V003104,M12,NAI-003,2026-08-19 09:04:47,2026-08-19 09:27:38,-1.3010277456784405,36.79853570486725,0,False,Nairobi,-1.30076619555654,36.798385753005405,150,33.5,22.85,False,False,True,True,True
V003106,M12,NAI-034,2026-08-20 15:24:49,2026-08-20 15:29:33,-1.2749861275620342,36.81798683142333,3,False,Nairobi,-1.2863456440411565,36.80369256331077,100,2029.9,4.733333333333333,True,True,False,True,True
V003110,M12,NAI-018,2026-08-20 08:37:22,2026-08-20 08:40:05,-1.2530914942348244,36.79316518389315,0,False,Nairobi,-1.260218519359352,36.8205806207709,75,3149.1,2.716666666666667,True,True,True,True,True
V003112,M12,NAI-031,2026-08-21 09:31:47,2026-08-21 09:33:45,-1.2942931203947414,36.854705717932575,0,True,Nairobi,-1.2935058620155375,36.862705882013685,150,893.6,1.9666666666666666,True,True,True,False,True
V003115,M12,NAI-008,2026-08-21 10:12:45,2026-08-21 10:48:24,-1.2914874739744977,36.812883143113886,5,False,Nairobi,-1.2930527339322404,36.778976605556686,75,3773.3,35.65,True,False,False,True,True
V003116,M12,NAI-010,2026-08-21 10:08:05,2026-08-21 10:12:00,-1.3615420482958642,36.80075860082075,3,False,Nairobi,-1.3615027913246154,36.80083921312461,100,10.0,3.9166666666666665,False,True,False,True,True
V003119,M12,NAI-018,2026-08-24 08:35:03,2026-08-24 08:39:54,-1.2674313575870428,36.81985281548195,0,False,Nairobi,-1.260218519359352,36.8205806207709,75,806.1,4.85,True,True,True,True,True
V003122,M12,NAI-003,2026-08-24 10:44:35,2026-08-24 10:49:10,-1.2699947459524037,36.80973761106167,0,False,Nairobi,-1.30076619555654,36.798385753005405,150,3646.9,4.583333333333333,True,True,True,True,True
V003139,M13,NYE-003,2026-07-02 14:41:22,2026-07-02 15:11:33,-0.4567940382816259,36.8913305968557,3,True,Nyeri,-0.4563641554264587,36.89193652132428,75,82.6,30.183333333333334,True,False,False,False,True
V003155,M13,NYE-023,2026-07-06 15:08:04,2026-07-06 15:52:41,-0.4131514895082629,36.942167340811714,3,True,Nyeri,-0.4124997507942014,36.941511798920885,100,102.8,44.61666666666667,True,False,False,False,True
V003207,M13,NYE-025,2026-07-16 09:22:38,2026-07-16 09:25:28,-0.4196055254278163,36.95146106443522,0,True,Nyeri,-0.4364628101228343,36.95401703999629,100,1895.9,2.8333333333333335,True,True,True,False,True
V003267,M13,NYE-005,2026-07-29 15:01:32,2026-07-29 15:39:41,-0.4212426494518668,36.9525691121444,3,True,Nyeri,-0.420931485269424,36.95179885271022,75,92.4,38.15,True,False,False,False,True
V003279,M13,NYE-023,2026-07-31 15:32:15,2026-07-31 16:13:29,-0.4127837855725704,36.942469552854654,3,True,Nyeri,-0.4124997507942014,36.941511798920885,100,111.1,41.233333333333334,True,False,False,False,True
V003320,M13,NYE-029,2026-08-11 09:03:54,2026-08-11 09:07:41,-0.414869940012222,36.9419187838558,0,False,Nyeri,-0.4154704995085699,36.94225927419726,100,76.8,3.783333333333333,False,True,True,True,True
V003355,M13,NYE-000,2026-08-19 08:09:58,2026-08-19 08:57:28,-0.4096080596041439,36.92375022967293,2,True,Nyeri,-0.4086171633499624,36.922778976648665,150,154.3,47.5,True,False,False,False,True
V003390,M14,NAI-036,2026-07-02 10:45:16,2026-07-02 11:15:45,-1.24355034918441,36.80553855927866,6,False,Nairobi,-1.2659485693019796,36.80680391344861,150,2494.5,30.483333333333334,True,False,False,True,True
V003425,M14,NAI-026,2026-07-09 13:12:34,2026-07-09 13:37:18,-1.2590232033506816,36.851333654825694,0,False,Nairobi,-1.2590370838369878,36.85135666022362,100,3.0,24.733333333333334,False,False,True,True,True
V003477,M14,NAI-022,2026-07-21 10:24:14,2026-07-21 11:17:11,-1.2901921763627693,36.828872540339454,0,False,Nairobi,-1.2879955196044826,36.83701742682503,150,937.8,52.95,True,False,True,True,True
V003478,M14,NAI-015,2026-07-21 08:09:23,2026-07-21 08:46:45,-1.3035590742928571,36.81197426365623,4,False,Nairobi,-1.3035080129822991,36.81364894151248,150,186.3,37.36666666666667,True,False,False,True,True
V003513,M14,NAI-014,2026-07-28 14:58:00,2026-07-28 14:59:22,-1.2818471997327168,36.83495078154064,2,False,Nairobi,-1.2869756511483657,36.84353169602149,100,1111.4,1.3666666666666667,True,True,False,True,True
V003517,M14,NAI-007,2026-07-28 12:44:58,2026-07-28 13:12:40,-1.3608906960264058,36.79519360592072,0,True,Nairobi,-1.3430366821940254,36.77831386780645,100,2731.7,27.7,True,False,True,False,True
V003524,M14,NAI-035,2026-07-29 11:32:58,2026-07-29 12:21:01,-1.2522066769326945,36.83760223428166,3,True,Nairobi,-1.2510161667142934,36.83659265508104,150,173.6,48.05,True,False,False,False,True
V003531,M14,NAI-023,2026-07-30 09:30:37,2026-07-30 09:53:09,-1.243385117052411,36.79717975265488,0,False,Nairobi,-1.2428443222503154,36.79673013246983,100,78.2,22.533333333333335,False,False,True,True,True
V003550,M14,NAI-025,2026-08-04 11:04:45,2026-08-04 11:39:13,-1.3117545379266269,36.80225088849635,5,True,Nairobi,-1.321615835835504,36.79962095210492,75,1134.8,34.46666666666667,True,False,False,False,True
V003587,M14,NAI-009,2026-08-12 11:13:40,2026-08-12 11:14:40,-1.2921014787817875,36.8289460715467,0,False,Nairobi,-1.277862069235349,36.82170253259873,75,1776.3,1.0,True,True,True,True,True
V003633,M14,NAI-024,2026-08-21 10:53:01,2026-08-21 11:20:51,-1.2997086757176004,36.82095068164735,0,False,Nairobi,-1.2998992272961525,36.820818052336776,100,25.8,27.833333333333332,False,False,True,True,True
V003649,M15,NAI-006,2026-07-01 08:17:34,2026-07-01 09:02:11,-1.3268765706442769,36.8024312221444,4,True,Nairobi,-1.3263264364185523,36.8032715271688,100,111.7,44.61666666666667,True,False,False,False,True
V003676,M15,NAI-018,2026-07-07 12:02:41,2026-07-07 12:43:10,-1.2598399163061,36.819694226600376,2,True,Nairobi,-1.260218519359352,36.8205806207709,75,107.2,40.483333333333334,True,False,False,False,True
V003701,M15,NAI-006,2026-07-13 12:26:27,2026-07-13 13:18:33,-1.3255447745343527,36.80376218683293,6,True,Nairobi,-1.3263264364185523,36.8032715271688,100,102.6,52.1,True,False,False,False,True
V003744,M15,NAI-018,2026-07-22 12:56:22,2026-07-22 13:36:03,-1.2673793790250267,36.81273473453313,4,False,Nairobi,-1.260218519359352,36.8205806207709,75,1181.0,39.68333333333333,True,False,False,True,True
V003754,M15,NAI-015,2026-07-24 08:32:02,2026-07-24 08:34:57,-1.3044458447704277,36.81357283703287,6,False,Nairobi,-1.3035080129822991,36.81364894151248,150,104.6,2.9166666666666665,False,True,False,True,True
V003788,M15,NAI-014,2026-07-31 08:45:19,2026-07-31 08:49:59,-1.285760582451298,36.8258310001969,5,False,Nairobi,-1.2869756511483657,36.84353169602149,100,1972.4,4.666666666666667,True,True,False,True,True
V003821,M15,NAI-007,2026-08-07 08:46:57,2026-08-07 09:20:51,-1.3422631604191195,36.77900991217429,6,True,Nairobi,-1.3430366821940254,36.77831386780645,100,115.7,33.9,True,False,False,False,True
V003837,M15,NAI-030,2026-08-12 10:42:59,2026-08-12 11:04:27,-1.295947691335005,36.83763542146195,4,False,Nairobi,-1.295816402606666,36.80594272317701,150,3523.2,21.466666666666665,True,False,False,True,True
V003942,M16,MOM-035,2026-07-10 13:58:04,2026-07-10 14:01:30,-4.019512020827908,39.692944937693,0,False,Mombasa,-4.019556708383438,39.69293553357995,100,5.1,3.433333333333333,False,True,True,True,True
V003959,M16,MOM-014,2026-07-14 11:07:16,2026-07-14 11:08:45,-4.061633200453443,39.629639668614246,0,True,Mombasa,-4.061782192991606,39.62966824545047,100,16.9,1.4833333333333334,False,True,True,False,True
V004007,M16,MOM-003,2026-07-24 08:44:21,2026-07-24 09:29:35,-4.035254838900531,39.64242728986825,0,False,Mombasa,-4.035204826979769,39.64226130568471,150,19.2,45.233333333333334,False,False,True,True,True
V004067,M16,MOM-005,2026-08-06 11:26:37,2026-08-06 11:52:09,-4.060739132888663,39.66517253059144,6,True,Mombasa,-4.0607308505856885,39.66444170528367,75,81.1,25.533333333333335,True,False,False,False,True
V004070,M16,MOM-008,2026-08-07 10:25:30,2026-08-07 10:26:51,-3.993062820705439,39.65792503129585,4,True,Mombasa,-4.020297844920072,39.642635089013616,100,3471.0,1.35,True,True,False,False,True
V004093,M16,MOM-026,2026-08-13 12:55:36,2026-08-13 13:39:12,-4.070533294005933,39.63607558428313,0,True,Mombasa,-4.047287096254903,39.63475217623456,100,2589.0,43.6,True,False,True,False,True
V004107,M16,MOM-040,2026-08-17 10:20:38,2026-08-17 10:23:42,-4.014665984505819,39.64356683337218,5,True,Mombasa,-4.018493328228386,39.63754962752372,100,791.6,3.066666666666667,True,True,False,False,True
V004134,M16,MOM-033,2026-08-21 09:23:15,2026-08-21 10:16:25,-4.085237384515826,39.696441797616366,3,True,Mombasa,-4.084459061600194,39.69648589795206,75,86.7,53.166666666666664,True,False,False,False,True
V004148,M16,MOM-035,2026-08-25 15:31:04,2026-08-25 15:32:21,-4.019513350504348,39.69303257813944,0,False,Mombasa,-4.019556708383438,39.69293553357995,100,11.8,1.2833333333333334,False,True,True,True,True
V004181,M17,MOM-014,2026-07-07 14:59:40,2026-07-07 15:15:23,-4.0627870113473055,39.62968964256878,3,True,Mombasa,-4.061782192991606,39.62966824545047,100,111.8,15.716666666666667,True,False,False,False,True
V004205,M17,MOM-027,2026-07-13 15:44:20,2026-07-13 15:45:33,-4.054868505807137,39.69741421996328,0,False,Mombasa,-4.079483082806246,39.708065955659,150,2981.1,1.2166666666666666,True,True,True,True,True
V004217,M17,MOM-017,2026-07-15 11:18:24,2026-07-15 12:09:51,-4.038176560534104,39.64940639549213,0,True,Mombasa,-4.052800557800068,39.65119306848492,75,1638.1,51.45,True,False,True,False,True
V004247,M17,MOM-014,2026-07-21 10:16:42,2026-07-21 10:50:40,-4.060865891458409,39.62956113850389,2,True,Mombasa,-4.061782192991606,39.62966824545047,100,102.6,33.96666666666667,True,False,False,False,True
V004248,M17,MOM-008,2026-07-22 08:31:37,2026-07-22 08:54:16,-4.004285415206683,39.67080044112973,4,True,Mombasa,-4.020297844920072,39.642635089013616,100,3595.9,22.65,True,False,False,False,True
V004255,M17,MOM-005,2026-07-23 08:41:45,2026-07-23 09:26:16,-4.061327194082188,39.66482155069022,4,True,Mombasa,-4.0607308505856885,39.66444170528367,75,78.6,44.516666666666666,True,False,False,False,True
V004346,M17,MOM-025,2026-08-12 15:36:45,2026-08-12 15:38:10,-4.043806240049332,39.658913177124894,5,True,Mombasa,-4.065569344173368,39.68164352488991,150,3494.6,1.4166666666666667,True,True,False,False,True
V004378,M17,MOM-036,2026-08-19 12:30:31,2026-08-19 13:06:51,-4.0562230160876585,39.71479455334226,2,True,Mombasa,-4.056668529519834,39.71344918947994,150,157.2,36.333333333333336,True,False,False,False,True
V004391,M17,MOM-013,2026-08-21 15:07:01,2026-08-21 15:54:06,-4.059054696316052,39.6666675226341,0,False,Mombasa,-4.059286757951906,39.66646428761925,100,34.3,47.083333333333336,False,False,True,True,True
V004420,M18,MOM-023,2026-07-03 08:15:08,2026-07-03 08:18:05,-4.092491341726823,39.61317216077856,2,False,Mombasa,-4.061961576618048,39.615169415770175,150,3402.0,2.95,True,True,False,True,True
V004459,M18,MOM-038,2026-07-13 09:47:26,2026-07-13 10:30:18,-4.016789636791497,39.72364301922587,6,True,Mombasa,-4.016791426594265,39.7243702492129,75,80.7,42.86666666666667,True,False,False,False,True
V004461,M18,MOM-006,2026-07-13 13:07:13,2026-07-13 13:44:01,-4.077689843111,39.67486477016312,5,False,Mombasa,-4.076942224115692,39.67888519397566,150,453.6,36.8,True,False,False,True,True
V004489,M18,MOM-025,2026-07-17 12:19:57,2026-07-17 12:24:36,-4.081633459887765,39.67223525727578,2,False,Mombasa,-4.065569344173368,39.68164352488991,150,2068.7,4.65,True,True,False,True,True
V004526,M18,MOM-002,2026-07-24 10:26:18,2026-07-24 10:46:50,-4.042275817885993,39.636975267517904,6,True,Mombasa,-4.041941394540156,39.63636546133853,75,77.2,20.533333333333335,True,False,False,False,True
V004542,M18,MOM-035,2026-07-29 10:56:15,2026-07-29 11:42:55,-4.019757999970302,39.69760118317364,5,False,Mombasa,-4.019556708383438,39.69293553357995,100,518.0,46.666666666666664,True,False,False,True,True
V004545,M18,MOM-017,2026-07-29 10:28:44,2026-07-29 11:06:49,-4.052643228528627,39.6502758183202,4,True,Mombasa,-4.052800557800068,39.65119306848492,75,103.2,38.083333333333336,True,False,False,False,True
V004613,M18,MOM-035,2026-08-13 15:25:41,2026-08-13 15:59:32,-4.01939634975089,39.6930630851972,0,False,Mombasa,-4.019556708383438,39.69293553357995,100,22.8,33.85,False,False,True,True,True
V004636,M18,MOM-005,2026-08-18 15:40:06,2026-08-18 15:43:49,-4.06069800323556,39.6645573110008,0,False,Mombasa,-4.0607308505856885,39.66444170528367,75,13.3,3.716666666666667,False,True,True,True,True
V004668,M18,MOM-033,2026-08-24 08:39:43,2026-08-24 08:59:27,-4.084297578392304,39.6957443522022,3,True,Mombasa,-4.084459061600194,39.69648589795206,75,84.2,19.733333333333334,True,False,False,False,True
V004674,M18,MOM-040,2026-08-25 13:22:20,2026-08-25 14:00:54,-4.017907490396882,39.636770585332926,6,True,Mombasa,-4.018493328228386,39.63754962752372,100,108.2,38.56666666666667,True,False,False,False,True
V004688,M19,NAI-009,2026-07-02 15:48:07,2026-07-02 15:52:42,-1.2777338903687254,36.82219989091882,0,False,Nairobi,-1.277862069235349,36.82170253259873,75,57.1,4.583333333333333,False,True,True,True,True
V004715,M19,NAI-033,2026-07-08 13:05:56,2026-07-08 13:51:43,-1.29488412388012,36.779785351447046,3,True,Nairobi,-1.2896231133525935,36.81108147316103,100,3527.9,45.78333333333333,True,False,False,False,True
V004730,M19,NAI-036,2026-07-10 12:19:53,2026-07-10 12:48:29,-1.2660424046624803,36.806792337179935,0,False,Nairobi,-1.2659485693019796,36.80680391344861,150,10.5,28.6,False,False,True,True,True
V004740,M19,NAI-039,2026-07-13 14:40:55,2026-07-13 15:35:24,-1.3365755868960394,36.75521006482668,6,True,Nairobi,-1.3366461235209963,36.755940131651805,75,81.5,54.483333333333334,True,False,False,False,True
V004756,M19,NAI-009,2026-07-16 15:17:07,2026-07-16 15:19:31,-1.2558241521569784,36.80947113002928,0,False,Nairobi,-1.277862069235349,36.82170253259873,75,2802.5,2.4,True,True,True,True,True
V004759,M19,NAI-018,2026-07-17 12:45:23,2026-07-17 12:48:04,-1.2665546574281887,36.80448547817805,0,False,Nairobi,-1.260218519359352,36.8205806207709,75,1923.0,2.683333333333333,True,True,True,True,True
V004774,M19,NAI-016,2026-07-21 13:39:19,2026-07-21 13:40:23,-1.2635101685702828,36.79041593963891,4,True,Nairobi,-1.284086546772348,36.78024832520747,150,2552.0,1.0666666666666667,True,True,False,False,True
V004784,M19,NAI-013,2026-07-23 15:21:46,2026-07-23 15:55:07,-1.308818893435138,36.84831916854671,4,True,Nairobi,-1.310265117182768,36.84882695870158,150,170.4,33.35,True,False,False,False,True
V004804,M19,NAI-032,2026-07-28 10:58:51,2026-07-28 11:25:01,-1.2886892264978222,36.85472479532591,0,False,Nairobi,-1.295110411650942,36.82757767201856,150,3101.2,26.166666666666668,True,False,True,True,True
V004825,M19,NAI-040,2026-07-31 13:33:09,2026-07-31 13:37:48,-1.331140344794286,36.81618258331275,2,True,Nairobi,-1.312997828227958,36.821921583871365,100,2115.8,4.65,True,True,False,False,True
V004828,M19,NAI-025,2026-07-31 11:07:18,2026-07-31 11:08:41,-1.3156469731424,36.78548496346237,6,False,Nairobi,-1.321615835835504,36.79962095210492,75,1705.8,1.3833333333333333,True,True,False,True,True
V004852,M19,NAI-011,2026-08-06 13:29:45,2026-08-06 14:06:02,-1.2857275445459688,36.8242528267614,0,False,Nairobi,-1.2874550283620323,36.8203992695801,75,469.5,36.28333333333333,True,False,True,True,True
V004888,M19,NAI-018,2026-08-13 12:36:57,2026-08-13 12:54:03,-1.2529776108235455,36.807484969338574,6,False,Nairobi,-1.260218519359352,36.8205806207709,75,1663.6,17.1,True,False,False,True,True
V004896,M19,NAI-015,2026-08-14 14:17:33,2026-08-14 14:45:57,-1.3048037529221093,36.81301093797892,4,True,Nairobi,-1.3035080129822991,36.81364894151248,150,160.6,28.4,True,False,False,False,True
V004907,M19,NAI-014,2026-08-18 14:18:57,2026-08-18 14:39:58,-1.293971440571151,36.83945728295949,0,False,Nairobi,-1.2869756511483657,36.84353169602149,100,900.2,21.016666666666666,True,False,True,True,True
V004916,M19,NAI-040,2026-08-19 11:00:33,2026-08-19 11:02:26,-1.313015819734718,36.82165058225856,0,False,Nairobi,-1.312997828227958,36.821921583871365,100,30.2,1.8833333333333333,False,True,True,True,True
V004921,M19,NAI-018,2026-08-20 13:19:35,2026-08-20 13:23:25,-1.2611945149389026,36.7877251924591,5,False,Nairobi,-1.260218519359352,36.8205806207709,75,3654.1,3.8333333333333335,True,True,False,True,True
V004962,M20,NYE-021,2026-07-03 10:32:59,2026-07-03 11:14:50,-0.4414257265045327,36.96203857002445,0,False,Nyeri,-0.4422730144723875,36.94524049544234,100,1870.2,41.85,True,False,True,True,True
V005023,M20,NYE-030,2026-07-14 11:40:42,2026-07-14 12:29:40,-0.431341137307872,36.91845248417104,3,True,Nyeri,-0.4312081098032442,36.91770381594167,75,84.5,48.96666666666667,True,False,False,False,True
V005033,M20,NYE-034,2026-07-16 10:38:24,2026-07-16 10:39:57,-0.4032165631844616,36.89741144087989,0,False,Nyeri,-0.4034298032258966,36.897061948796186,150,45.5,1.55,False,True,True,True,True
V005082,M20,NYE-029,2026-07-27 14:41:45,2026-07-27 15:00:56,-0.4156809223590593,36.94314660445111,3,True,Nyeri,-0.4154704995085699,36.94225927419726,100,101.4,19.183333333333334,True,False,False,False,True
V005094,M20,NYE-007,2026-07-29 09:51:15,2026-07-29 10:15:06,-0.4669895081264688,36.91669931351239,0,False,Nyeri,-0.4667238631829453,36.91664120994548,75,30.2,23.85,False,False,True,True,True
V005097,M20,NYE-034,2026-07-30 15:01:58,2026-07-30 15:17:11,-0.4038569359524783,36.89852222569241,4,True,Nyeri,-0.4034298032258966,36.897061948796186,150,169.2,15.216666666666667,True,False,False,False,True
V005099,M20,NYE-021,2026-07-30 13:45:49,2026-07-30 14:22:44,-0.4428328191184728,36.94603710165696,2,True,Nyeri,-0.4422730144723875,36.94524049544234,100,108.3,36.916666666666664,True,False,False,False,True
V005137,M20,NYE-031,2026-08-07 12:47:46,2026-08-07 13:06:51,-0.427617371494125,36.93173694975293,5,True,Nyeri,-0.4280910110918643,36.93042164589456,100,155.4,19.083333333333332,True,False,False,False,True
V005171,M20,NYE-014,2026-08-14 13:35:48,2026-08-14 14:21:00,-0.3969003170898816,36.934397134182674,4,True,Nyeri,-0.3953826394232982,36.934949955435485,150,179.6,45.2,True,False,False,False,True
V005209,M20,NYE-034,2026-08-25 08:22:23,2026-08-25 08:51:17,-0.403725392029157,36.89841063095429,6,True,Nyeri,-0.4034298032258966,36.897061948796186,150,153.5,28.9,True,False,False,False,True
V005244,M21,ELD-023,2026-07-07 15:47:43,2026-07-07 16:17:53,0.5580087991087693,35.24529637755007,0,True,Eldoret,0.5616259957624584,35.25058122645839,100,712.1,30.166666666666668,True,False,True,False,True
V005271,M21,ELD-011,2026-07-13 08:49:23,2026-07-13 08:52:46,0.529315820167565,35.26612021193715,0,False,Eldoret,0.5294356168995427,35.26603791484342,150,16.2,3.3833333333333333,False,True,True,True,True
V005290,M21,ELD-036,2026-07-16 14:09:53,2026-07-16 15:04:37,0.5328032503911564,35.2691759587806,3,True,Eldoret,0.5320963174214094,35.26858125478349,100,102.7,54.733333333333334,True,False,False,False,True
V005297,M21,ELD-010,2026-07-17 13:33:01,2026-07-17 14:26:45,0.5479436446410794,35.25513444208794,4,True,Eldoret,0.5465425379588926,35.25577848588175,150,171.5,53.733333333333334,True,False,False,False,True
V005331,M21,ELD-033,2026-07-24 09:11:28,2026-07-24 09:27:39,0.4989862187767233,35.305565121308106,3,False,Eldoret,0.49845490932728,35.31494905049195,75,1045.1,16.183333333333334,True,False,False,True,True
V005332,M21,ELD-039,2026-07-24 11:16:44,2026-07-24 11:17:59,0.5151204098618698,35.23548597635957,2,False,Eldoret,0.5128201044019809,35.2183436380931,75,1923.1,1.25,True,True,False,True,True
V005357,M21,ELD-012,2026-07-29 10:44:00,2026-07-29 11:24:55,0.503114833468761,35.23102292394542,4,True,Eldoret,0.503825630285738,35.231008541808976,75,79.1,40.916666666666664,True,False,False,False,True
V005366,M21,ELD-031,2026-07-31 10:07:34,2026-07-31 10:11:29,0.4610406385477896,35.27727720960179,0,True,Eldoret,0.4681188488464791,35.27010524454392,150,1120.4,3.9166666666666665,True,True,True,False,True
V005415,M21,ELD-030,2026-08-11 10:53:06,2026-08-11 11:11:02,0.5118381022924762,35.29611676046282,6,True,Eldoret,0.5125547055247792,35.29648622676664,75,89.6,17.933333333333334,True,False,False,False,True
V005419,M21,ELD-029,2026-08-12 13:44:28,2026-08-12 14:11:36,0.5050209927169791,35.23850346022463,5,True,Eldoret,0.5048623689245555,35.23919330784173,75,78.7,27.133333333333333,True,False,False,False,True
V005468,M21,ELD-001,2026-08-21 15:42:52,2026-08-21 16:34:03,0.4948435690303858,35.19834176830135,5,False,Eldoret,0.5156743163922566,35.219416441299146,100,3294.9,51.18333333333333,True,False,False,True,True
V005477,M21,ELD-024,2026-08-25 13:53:29,2026-08-25 14:20:04,0.4475786051265836,35.238348194414314,0,False,Eldoret,0.4638594254028976,35.258513985537,100,2881.9,26.583333333333332,True,False,True,True,True
V005492,M22,ELD-009,2026-07-02 12:24:51,2026-07-02 13:03:57,0.4808833764346987,35.302245688041296,3,True,Eldoret,0.4794725943606742,35.30336321815188,150,200.1,39.1,True,False,False,False,True
V005494,M22,ELD-018,2026-07-03 14:03:31,2026-07-03 14:34:43,0.4866338226985282,35.29277533878124,4,True,Eldoret,0.4860770867202806,35.29416413181484,150,166.4,31.2,True,False,False,False,True
V005518,M22,ELD-016,2026-07-09 08:17:08,2026-07-09 09:03:59,0.5116310179883095,35.27280013218982,0,True,Eldoret,0.5257628435999672,35.258687766487974,150,2220.7,46.85,True,False,True,False,True
V005528,M22,ELD-038,2026-07-10 08:34:20,2026-07-10 08:54:54,0.5196618506766694,35.25045096853459,0,False,Eldoret,0.5427538886164359,35.24281192977995,100,2704.6,20.566666666666666,True,False,True,True,True
V005533,M22,ELD-032,2026-07-13 14:43:09,2026-07-13 14:47:56,0.484461568514525,35.295174705441326,0,False,Eldoret,0.4846856368859593,35.295603129581444,150,53.8,4.783333333333333,False,True,True,True,True
V005548,M22,ELD-017,2026-07-16 14:07:53,2026-07-16 14:10:14,0.5596953876350858,35.27863767627941,6,False,Eldoret,0.5448753769809355,35.276311848164895,150,1668.1,2.35,True,True,False,True,True
V005564,M22,ELD-004,2026-07-20 14:32:20,2026-07-20 14:49:15,0.4617469287065576,35.25901310372461,6,True,Eldoret,0.4626996668154335,35.25885954449328,100,107.3,16.916666666666668,True,False,False,False,True
V005580,M22,ELD-040,2026-07-22 09:13:27,2026-07-22 10:04:23,0.4810567212831226,35.214458367202425,5,True,Eldoret,0.4815555107607806,35.215809214367496,150,160.1,50.93333333333333,True,False,False,False,True
V005591,M22,ELD-029,2026-07-24 11:49:06,2026-07-24 11:53:08,0.5049519878747355,35.23895594653422,0,False,Eldoret,0.5048623689245555,35.23919330784173,75,28.2,4.033333333333333,False,True,True,True,True
V005602,M22,ELD-016,2026-07-27 11:21:40,2026-07-27 11:25:09,0.5571209184100379,35.24682950530942,0,False,Eldoret,0.5257628435999672,35.258687766487974,150,3727.8,3.4833333333333334,True,True,True,True,True
V005634,M22,ELD-007,2026-07-31 12:39:21,2026-07-31 13:19:07,0.4948885673911209,35.26026950606348,3,True,Eldoret,0.4788834540909034,35.26831717157695,75,1992.0,39.766666666666666,True,False,False,False,True
V005643,M22,ELD-021,2026-08-04 10:56:31,2026-08-04 11:30:53,0.5018666172826834,35.26086594247626,4,True,Eldoret,0.5024889735677475,35.26112881336003,75,75.1,34.36666666666667,True,False,False,False,True
V005672,M22,ELD-030,2026-08-10 08:04:28,2026-08-10 08:06:11,0.5317725286755693,35.28522029971192,6,True,Eldoret,0.5125547055247792,35.29648622676664,75,2477.0,1.7166666666666666,True,True,False,False,True
V005697,M22,ELD-026,2026-08-13 10:54:46,2026-08-13 11:30:02,0.5239101329585656,35.23959154788163,2,True,Eldoret,0.5241171344754539,35.23868147225048,100,103.8,35.266666666666666,True,False,False,False,True
V005716,M22,ELD-039,2026-08-18 15:37:37,2026-08-18 16:03:23,0.5132771184044976,35.21775970197416,5,True,Eldoret,0.5128201044019809,35.2183436380931,75,82.5,25.766666666666666,True,False,False,False,True
V005721,M22,ELD-036,2026-08-19 12:33:57,2026-08-19 12:36:49,0.5535384697658344,35.2485819290339,4,False,Eldoret,0.5320963174214094,35.26858125478349,100,3260.3,2.8666666666666667,True,True,False,True,True
V005732,M22,ELD-000,2026-08-20 08:16:51,2026-08-20 08:40:49,0.5714135663540965,35.28717494195274,6,True,Eldoret,0.5701262731998401,35.287759168543126,150,157.2,23.966666666666665,True,False,False,False,True
V005741,M22,ELD-023,2026-08-24 11:12:12,2026-08-24 11:15:44,0.5615727037052994,35.25066832736738,5,False,Eldoret,0.5616259957624584,35.25058122645839,100,11.4,3.533333333333333,False,True,False,True,True
V005743,M22,ELD-018,2026-08-24 15:02:23,2026-08-24 15:07:12,0.4859228748854597,35.29434708070379,0,False,Eldoret,0.4860770867202806,35.29416413181484,150,26.6,4.816666666666666,False,True,True,True,True
V005761,M23,NYE-006,2026-07-02 15:09:01,2026-07-02 15:27:55,-0.3627937836312254,36.915879704820526,0,False,Nyeri,-0.362753488823919,36.91583220227129,150,6.9,18.9,False,False,True,True,True
V005784,M23,NYE-019,2026-07-07 13:54:09,2026-07-07 14:38:27,-0.3337156780031385,36.92839519152918,0,False,Nyeri,-0.3639979963694291,36.94289032919247,150,3733.1,44.3,True,False,True,True,True
V005791,M23,NYE-018,2026-07-08 10:02:50,2026-07-08 10:05:10,-0.4234322869689168,37.0046493342356,0,False,Nyeri,-0.4211602013860531,36.9857168611341,100,2120.2,2.3333333333333335,True,True,True,True,True
V005866,M23,NYE-006,2026-07-23 09:44:50,2026-07-23 10:25:30,-0.3348471383931792,36.9031330513155,5,False,Nyeri,-0.362753488823919,36.91583220227129,150,3409.2,40.666666666666664,True,False,False,True,True
V005888,M23,NYE-026,2026-07-28 13:30:47,2026-07-28 13:32:12,-0.4609055561221517,36.94895456189108,5,False,Nyeri,-0.4608692024376818,36.949013638982855,150,7.7,1.4166666666666667,False,True,False,True,True
V005905,M23,NYE-005,2026-07-30 10:40:08,2026-07-30 11:10:13,-0.4315110468236205,36.94911715913986,0,True,Nyeri,-0.420931485269424,36.95179885271022,75,1213.6,30.083333333333332,True,False,True,False,True
V005912,M23,NYE-020,2026-07-31 14:02:55,2026-07-31 14:22:07,-0.4224639164097376,36.92930886782397,2,True,Nyeri,-0.4219494638928588,36.92877136174237,75,82.7,19.2,True,False,False,False,True
V005919,M23,NYE-008,2026-08-03 10:13:17,2026-08-03 10:18:11,-0.3905109407634139,36.97873199758049,0,False,Nyeri,-0.3975911384255417,36.97161134628614,75,1116.6,4.9,True,True,True,True,True
V005920,M23,NYE-032,2026-08-03 08:13:53,2026-08-03 08:35:35,-0.4494404711721725,36.95555469565482,0,False,Nyeri,-0.4561240826863457,36.95406769727034,75,761.4,21.7,True,False,True,True,True
V005945,M23,NYE-005,2026-08-07 11:58:02,2026-08-07 12:01:01,-0.3873962469811024,36.95080078420466,2,False,Nyeri,-0.420931485269424,36.95179885271022,75,3730.6,2.9833333333333334,True,True,False,True,True
V005951,M23,NYE-015,2026-08-10 10:24:04,2026-08-10 10:28:45,-0.4361564124037487,36.88172923294427,0,False,Nyeri,-0.4461051711061277,36.89018578590465,100,1451.9,4.683333333333334,True,True,True,True,True
V005959,M23,NYE-013,2026-08-11 10:55:32,2026-08-11 11:39:48,-0.4637910251379989,36.93992430242428,0,True,Nyeri,-0.4651883730191868,36.91768226448506,100,2478.0,44.266666666666666,True,False,True,False,True
V005961,M23,NYE-009,2026-08-11 08:30:31,2026-08-11 08:32:37,-0.4442315690693142,36.918943576424574,4,False,Nyeri,-0.4488394663545098,36.90528692670611,150,1602.6,2.1,True,True,False,True,True
V005971,M23,NYE-028,2026-08-13 08:30:12,2026-08-13 08:56:23,-0.4820450922132874,36.949785624953854,0,False,Nyeri,-0.4822581983373393,36.949745223435805,75,24.1,26.183333333333334,False,False,True,True,True
V005986,M23,NYE-037,2026-08-17 14:51:00,2026-08-17 14:53:09,-0.4305521842514809,36.98159049603801,0,True,Nyeri,-0.427783801749043,36.966111749936495,75,1748.4,2.15,True,True,True,False,True
V006000,M23,NYE-033,2026-08-19 12:46:36,2026-08-19 13:16:11,-0.4396490366594958,36.9457838702433,0,False,Nyeri,-0.4157034331956699,36.94275311503464,150,2683.9,29.583333333333332,True,False,True,True,True
V006014,M23,NYE-004,2026-08-24 11:31:06,2026-08-24 11:34:01,-0.4294293534815315,36.95434657879964,0,True,Nyeri,-0.4296077709639299,36.95431800103846,100,20.1,2.9166666666666665,False,True,True,False,True
V006100,M24,NYE-025,2026-07-17 08:30:43,2026-07-17 09:09:36,-0.4437881021753989,36.92035471935004,0,True,Nyeri,-0.4364628101228343,36.95401703999629,100,3830.6,38.88333333333333,True,False,True,False,True
V006119,M24,NYE-018,2026-07-21 09:33:05,2026-07-21 10:27:52,-0.4203481634572661,36.98521332739733,6,True,Nyeri,-0.4211602013860531,36.9857168611341,100,106.2,54.78333333333333,True,False,False,False,True
V006149,M24,NYE-033,2026-07-28 15:58:23,2026-07-28 16:00:08,-0.4229384271157441,36.955783356230114,2,True,Nyeri,-0.4157034331956699,36.94275311503464,150,1657.2,1.75,True,True,False,False,True
V006201,M24,NYE-004,2026-08-07 08:47:56,2026-08-07 09:25:59,-0.4286056129530945,36.95403962296295,5,True,Nyeri,-0.4296077709639299,36.95431800103846,100,115.7,38.05,True,False,False,False,True
V006223,M24,NYE-008,2026-08-12 08:55:53,2026-08-12 08:57:51,-0.3808089907341686,36.94171795630092,0,False,Nyeri,-0.3975911384255417,36.97161134628614,75,3811.9,1.9666666666666666,True,True,True,True,True
V006277,M24,NYE-022,2026-08-24 15:22:25,2026-08-24 16:17:17,-0.4009954595426112,36.94279104692584,4,True,Nyeri,-0.4018167974653495,36.94388253352448,150,151.9,54.86666666666667,True,False,False,False,True
V006291,M25,NYE-001,2026-07-02 10:14:03,2026-07-02 10:38:14,-0.4426107165093286,36.96428558511516,6,True,Nyeri,-0.4416454420938061,36.96449916196048,100,109.9,24.183333333333334,True,False,False,False,True
V006336,M25,NYE-013,2026-07-13 12:51:57,2026-07-13 13:27:44,-0.4651005778587054,36.91870099721576,3,True,Nyeri,-0.4651883730191868,36.91768226448506,100,113.7,35.78333333333333,True,False,False,False,True
V006349,M25,NYE-008,2026-07-15 08:59:35,2026-07-15 09:29:36,-0.3975024722337506,36.97091478663241,6,True,Nyeri,-0.3975911384255417,36.97161134628614,75,78.1,30.016666666666666,True,False,False,False,True
V006375,M25,NYE-029,2026-07-21 08:07:17,2026-07-21 08:25:14,-0.396559696648352,36.920290597026,2,False,Nyeri,-0.4154704995085699,36.94225927419726,100,3223.2,17.95,True,False,False,True,True
V006387,M25,NYE-029,2026-07-23 09:08:32,2026-07-23 09:12:29,-0.4157189086338395,36.94200527672287,5,False,Nyeri,-0.4154704995085699,36.94225927419726,100,39.5,3.95,False,True,False,True,True
V006393,M25,NYE-018,2026-07-24 11:49:48,2026-07-24 11:53:15,-0.4496529656457797,36.982268710214704,6,False,Nyeri,-0.4211602013860531,36.9857168611341,100,3191.4,3.45,True,True,False,True,True
V006414,M25,NYE-020,2026-07-30 14:43:38,2026-07-30 15:05:22,-0.4224215299172795,36.92827649894184,3,True,Nyeri,-0.4219494638928588,36.92877136174237,75,76.0,21.733333333333334,True,False,False,False,True
V006416,M25,NYE-004,2026-07-30 09:56:58,2026-07-30 10:27:48,-0.4297803804488649,36.953370484636885,2,True,Nyeri,-0.4296077709639299,36.95431800103846,100,107.1,30.833333333333332,True,False,False,False,True
V006428,M25,NYE-026,2026-07-31 10:24:02,2026-07-31 10:25:37,-0.4603091774573543,36.948990274177454,0,False,Nyeri,-0.4608692024376818,36.949013638982855,150,62.3,1.5833333333333333,False,True,True,True,True
V006442,M25,NYE-029,2026-08-04 12:26:39,2026-08-04 12:51:07,-0.4145425581725443,36.9422628534106,3,True,Nyeri,-0.4154704995085699,36.94225927419726,100,103.2,24.466666666666665,True,False,False,False,True
V006453,M25,NYE-003,2026-08-06 08:24:32,2026-08-06 08:27:01,-0.4742383892794654,36.86477708101608,0,False,Nyeri,-0.4563641554264587,36.89193652132428,75,3615.2,2.4833333333333334,True,True,True,True,True
V006473,M25,NYE-016,2026-08-11 10:09:22,2026-08-11 10:12:25,-0.4210706494898459,36.94428898077881,0,False,Nyeri,-0.4209270975775889,36.94447836926497,100,26.4,3.05,False,True,True,True,True
V006519,M25,NYE-016,2026-08-21 10:15:33,2026-08-21 11:07:35,-0.4209311772931047,36.9444722182902,0,False,Nyeri,-0.4209270975775889,36.94447836926497,100,0.8,52.03333333333333,False,False,True,True,True
V006528,M25,NYE-005,2026-08-24 13:50:16,2026-08-24 13:51:39,-0.4209221652887189,36.951790597330046,0,False,Nyeri,-0.420931485269424,36.95179885271022,75,1.4,1.3833333333333333,False,True,True,True,True
V006543,M26,KIS-014,2026-07-02 09:55:00,2026-07-02 09:58:43,-0.1054939898563758,34.713699964932275,0,False,Kisumu,-0.1127621765142347,34.70893610178759,150,966.3,3.716666666666667,True,True,True,True,True
V006546,M26,KIS-010,2026-07-02 13:20:12,2026-07-02 13:22:22,-0.0924259660389278,34.72458596333678,0,True,Kisumu,-0.0924208919039299,34.7245040853428,150,9.1,2.1666666666666665,False,True,True,False,True
V006547,M26,KIS-011,2026-07-02 09:00:05,2026-07-02 09:40:45,-0.0698048660486622,34.765341199697446,0,False,Kisumu,-0.0697040820966813,34.76552564883948,100,23.4,40.666666666666664,False,False,True,True,True
V006551,M26,KIS-019,2026-07-03 13:19:24,2026-07-03 13:23:31,-0.0979740599194426,34.77903848315887,5,True,Kisumu,-0.0908479921533396,34.792162169408314,75,1660.5,4.116666666666666,True,True,False,False,True
V006552,M26,KIS-022,2026-07-03 09:21:09,2026-07-03 09:22:34,-0.044481797930285,34.75193714706122,3,False,Kisumu,-0.0591846297229856,34.72986847534828,75,2948.7,1.4166666666666667,True,True,False,True,True
V006553,M26,KIS-021,2026-07-03 15:55:54,2026-07-03 16:37:24,-0.0670164759234198,34.75371844200132,6,False,Kisumu,-0.0766667370527081,34.747472587660226,75,1278.2,41.5,True,False,False,True,True
V006566,M26,KIS-004,2026-07-08 14:48:53,2026-07-08 14:53:03,-0.0764611412362514,34.76681322686413,0,False,Kisumu,-0.0768295678582016,34.766158041147335,150,83.6,4.166666666666667,False,True,True,True,True
V006569,M26,KIS-018,2026-07-08 10:06:20,2026-07-08 10:27:17,-0.0874062942559873,34.769078644156885,0,False,Kisumu,-0.087271201298046,34.76943997724686,100,42.9,20.95,False,False,True,True,True
V006570,M26,KIS-024,2026-07-08 13:40:51,2026-07-08 14:33:33,-0.0405496231249297,34.81641259174399,0,True,Kisumu,-0.0403408506843056,34.81181220301779,75,512.1,52.7,True,False,True,False,True
V006574,M26,KIS-017,2026-07-09 11:14:50,2026-07-09 11:19:07,-0.1161572181115424,34.8051811955099,6,True,Kisumu,-0.1202209960460726,34.8019183969075,100,579.5,4.283333333333333,True,True,False,False,True
V006575,M26,KIS-001,2026-07-09 09:44:29,2026-07-09 09:48:20,-0.0794076806743847,34.74019559131973,5,False,Kisumu,-0.0993740921414576,34.76915604291311,75,3911.4,3.85,True,True,False,True,True
V006579,M26,KIS-026,2026-07-10 10:56:43,2026-07-10 11:01:09,-0.1703718912857866,34.7756327886478,6,False,Kisumu,-0.1704067839003577,34.77551194048833,75,14.0,4.433333333333334,False,True,False,True,True
V006582,M26,KIS-010,2026-07-13 14:26:41,2026-07-13 14:31:26,-0.1123812792287301,34.70520136497343,0,False,Kisumu,-0.0924208919039299,34.7245040853428,150,3087.6,4.75,True,True,True,True,True
V006587,M26,KIS-004,2026-07-14 10:11:37,2026-07-14 10:35:10,-0.076771802879643,34.76584795137479,0,False,Kisumu,-0.0768295678582016,34.766158041147335,150,35.1,23.55,False,False,True,True,True
V006592,M26,KIS-003,2026-07-15 10:48:06,2026-07-15 11:18:25,-0.0930153331836591,34.730951352775186,3,True,Kisumu,-0.1211512607314817,34.71869556032767,100,3412.5,30.316666666666666,True,False,False,False,True
V006596,M26,KIS-024,2026-07-15 13:32:09,2026-07-15 14:16:16,-0.0467342760395192,34.83651006886856,0,False,Kisumu,-0.0403408506843056,34.81181220301779,75,2836.8,44.11666666666667,True,False,True,True,True
V006597,M26,KIS-009,2026-07-15 09:00:34,2026-07-15 09:55:31,-0.0743653278699795,34.756151153492205,0,False,Kisumu,-0.0653629286649486,34.76531536114335,100,1428.4,54.95,True,False,True,True,True
V006603,M26,KIS-011,2026-07-16 08:01:07,2026-07-16 08:03:49,-0.1004876678097767,34.78240781304663,0,False,Kisumu,-0.0697040820966813,34.76552564883948,100,3903.9,2.7,True,True,True,True,True
V006609,M26,KIS-002,2026-07-17 14:32:05,2026-07-17 14:34:07,-0.1232561575271311,34.70392408289387,5,False,Kisumu,-0.1178154682210183,34.72259516778184,100,2162.5,2.033333333333333,True,True,False,True,True
V006614,M26,KIS-002,2026-07-20 11:30:47,2026-07-20 12:09:11,-0.1487121291687062,34.71349095889325,4,False,Kisumu,-0.1178154682210183,34.72259516778184,100,3581.6,38.4,True,False,False,True,True
V006616,M26,KIS-015,2026-07-21 14:41:23,2026-07-21 14:46:07,-0.079554375009481,34.75651796449543,0,False,Kisumu,-0.1125741784113548,34.75209653950683,75,3704.4,4.733333333333333,True,True,True,True,True
V006619,M26,KIS-012,2026-07-21 14:10:46,2026-07-21 14:14:23,-0.0896033255595067,34.759406774216444,0,False,Kisumu,-0.089568368887662,34.75927849958198,150,14.8,3.6166666666666667,False,True,True,True,True
V006624,M26,KIS-007,2026-07-22 09:39:30,2026-07-22 10:07:53,-0.1173419044019717,34.76857003234273,2,True,Kisumu,-0.1154892384900483,34.77868198866461,150,1143.1,28.383333333333333,True,False,False,False,True
V006628,M26,KIS-004,2026-07-22 15:14:47,2026-07-22 15:16:03,-0.0767328358809708,34.76591932203187,0,False,Kisumu,-0.0768295678582016,34.766158041147335,150,28.6,1.2666666666666666,False,True,True,True,True
V006631,M26,KIS-026,2026-07-23 08:19:31,2026-07-23 08:23:28,-0.1454431666348712,34.77658448861026,6,True,Kisumu,-0.1704067839003577,34.77551194048833,75,2778.4,3.95,True,True,False,False,True
V006632,M26,KIS-013,2026-07-23 08:31:57,2026-07-23 08:36:21,-0.0925781558641843,34.70201867195962,0,False,Kisumu,-0.0926441770113048,34.70198752982554,150,8.1,4.4,False,True,True,True,True
V006633,M26,KIS-011,2026-07-23 11:03:23,2026-07-23 11:36:46,-0.0433261646912974,34.7856594145744,5,False,Kisumu,-0.0697040820966813,34.76552564883948,100,3689.9,33.38333333333333,True,False,False,True,True
V006644,M26,KIS-005,2026-07-27 09:02:15,2026-07-27 09:06:48,-0.1527228060727307,34.752184946092484,0,False,Kisumu,-0.1216788482427781,34.7482582362449,150,3479.4,4.55,True,True,True,True,True
V006648,M26,KIS-012,2026-07-27 14:00:37,2026-07-27 14:45:01,-0.0921234773494512,34.773534593401926,0,True,Kisumu,-0.089568368887662,34.75927849958198,150,1610.5,44.4,True,False,True,False,True
V006649,M26,KIS-006,2026-07-27 10:17:24,2026-07-27 10:21:49,-0.1221986448563133,34.741932515427024,2,False,Kisumu,-0.1219712908166049,34.74140074398826,100,64.3,4.416666666666667,False,True,False,True,True
V006656,M26,KIS-010,2026-07-28 09:14:18,2026-07-28 09:17:57,-0.1174621541683642,34.74462920211162,4,False,Kisumu,-0.0924208919039299,34.7245040853428,150,3572.3,3.65,True,True,False,True,True
V006662,M26,KIS-023,2026-07-29 11:51:55,2026-07-29 11:54:02,-0.0917751693012017,34.72842050171806,0,True,Kisumu,-0.0922207485887381,34.72826063348068,150,52.6,2.1166666666666667,False,True,True,False,True
V006667,M26,KIS-023,2026-07-30 09:06:16,2026-07-30 09:10:25,-0.1264511175121082,34.72280141374114,0,False,Kisumu,-0.0922207485887381,34.72826063348068,150,3854.3,4.15,True,True,True,True,True
V006670,M26,KIS-023,2026-07-31 10:11:52,2026-07-31 10:36:43,-0.0913789903584197,34.72996920554325,2,False,Kisumu,-0.0922207485887381,34.72826063348068,150,211.8,24.85,True,False,False,True,True
V006672,M26,KIS-014,2026-07-31 10:35:16,2026-07-31 11:06:40,-0.1126008244404696,34.70927965216507,0,False,Kisumu,-0.1127621765142347,34.70893610178759,150,42.2,31.4,False,False,True,True,True
V006674,M26,KIS-019,2026-08-03 13:37:00,2026-08-03 13:40:26,-0.0800459653413757,34.79397213148773,2,False,Kisumu,-0.0908479921533396,34.792162169408314,75,1217.9,3.433333333333333,True,True,False,True,True
V006679,M26,KIS-014,2026-08-04 12:07:13,2026-08-04 12:27:59,-0.0875874861890825,34.70504300212094,3,False,Kisumu,-0.1127621765142347,34.70893610178759,150,2832.6,20.766666666666666,True,False,False,True,True
V006685,M26,KIS-009,2026-08-05 12:22:34,2026-08-05 12:54:09,-0.0734739917539267,34.78245857282908,0,False,Kisumu,-0.0653629286649486,34.76531536114335,100,2108.8,31.583333333333332,True,False,True,True,True
V006698,M26,KIS-014,2026-08-07 10:54:35,2026-08-07 11:38:30,-0.1132972197332126,34.71021592202579,5,True,Kisumu,-0.1127621765142347,34.70893610178759,150,154.2,43.916666666666664,True,False,False,False,True
V006700,M26,KIS-024,2026-08-07 10:59:36,2026-08-07 11:03:42,-0.0404613367498108,34.81214651397294,0,False,Kisumu,-0.0403408506843056,34.81181220301779,75,39.5,4.1,False,True,True,True,True
V006703,M26,KIS-007,2026-08-10 14:05:38,2026-08-10 14:41:16,-0.1270237369589989,34.792482999211366,0,True,Kisumu,-0.1154892384900483,34.77868198866461,150,2000.0,35.63333333333333,True,False,True,False,True
V006707,M26,KIS-017,2026-08-10 15:22:02,2026-08-10 16:10:35,-0.1264651089472197,34.79921785579052,0,True,Kisumu,-0.1202209960460726,34.8019183969075,100,756.5,48.55,True,False,True,False,True
V006710,M26,KIS-015,2026-08-11 14:01:03,2026-08-11 14:04:59,-0.1163435071508932,34.72284249267106,0,False,Kisumu,-0.1125741784113548,34.75209653950683,75,3279.8,3.933333333333333,True,True,True,True,True
V006718,M26,KIS-010,2026-08-12 11:56:19,2026-08-12 11:57:27,-0.1006176979336854,34.72740199925583,3,False,Kisumu,-0.0924208919039299,34.7245040853428,150,966.7,1.1333333333333333,True,True,False,True,True
V006724,M26,KIS-026,2026-08-13 12:06:01,2026-08-13 12:42:45,-0.1684886073902475,34.80961311321205,0,False,Kisumu,-0.1704067839003577,34.77551194048833,75,3797.9,36.733333333333334,True,False,True,True,True
V006725,M26,KIS-025,2026-08-13 12:11:51,2026-08-13 12:15:50,-0.087550982219708,34.7533609610291,6,False,Kisumu,-0.0688483650330643,34.77936028209011,150,3561.3,3.9833333333333334,True,True,False,True,True
V006730,M26,KIS-018,2026-08-14 15:40:59,2026-08-14 15:45:54,-0.0808737625538311,34.75914889742667,2,True,Kisumu,-0.087271201298046,34.76943997724686,100,1347.4,4.916666666666667,True,True,False,False,True
V006734,M26,KIS-016,2026-08-14 10:28:09,2026-08-14 11:21:04,-0.0542351727690677,34.773356794287594,4,True,Kisumu,-0.0519932044969182,34.76941359718392,150,504.4,52.916666666666664,True,False,False,False,True
V006736,M26,KIS-004,2026-08-17 15:26:06,2026-08-17 15:55:45,-0.0707285840491908,34.75130986616964,4,False,Kisumu,-0.0768295678582016,34.766158041147335,150,1785.0,29.65,True,False,False,True,True
V006746,M26,KIS-020,2026-08-18 12:38:32,2026-08-18 12:43:08,-0.0748882813246851,34.77528123244638,0,False,Kisumu,-0.0754229810793177,34.77447114100074,150,107.9,4.6,False,True,True,True,True
V006748,M26,KIS-022,2026-08-19 10:04:06,2026-08-19 10:43:59,-0.0598958003356154,34.730567174814865,2,True,Kisumu,-0.0591846297229856,34.72986847534828,75,110.9,39.88333333333333,True,False,False,False,True
V006758,M26,KIS-024,2026-08-20 09:49:57,2026-08-20 09:54:56,-0.0407219524129692,34.81210791214092,0,True,Kisumu,-0.0403408506843056,34.81181220301779,75,53.6,4.983333333333333,False,True,True,False,True
V006761,M26,KIS-007,2026-08-20 12:11:16,2026-08-20 12:45:46,-0.114387109931989,34.78015305791725,5,True,Kisumu,-0.1154892384900483,34.77868198866461,150,204.4,34.5,True,False,False,False,True
V006762,M26,KIS-009,2026-08-20 12:26:29,2026-08-20 12:45:48,-0.0653253828318117,34.7652944891099,0,False,Kisumu,-0.0653629286649486,34.76531536114335,100,4.8,19.316666666666666,False,False,True,True,True
V006764,M26,KIS-000,2026-08-21 09:24:01,2026-08-21 09:48:20,-0.1553890869379332,34.775966074123886,0,False,Kisumu,-0.1552994136292843,34.77577897061012,75,23.1,24.316666666666666,False,False,True,True,True
V006766,M26,KIS-003,2026-08-21 09:42:58,2026-08-21 09:46:40,-0.1226227541106963,34.71479303209132,0,False,Kisumu,-0.1211512607314817,34.71869556032767,100,463.8,3.7,True,True,True,True,True
V006775,M26,KIS-003,2026-08-24 11:27:39,2026-08-24 11:46:07,-0.1294972917583683,34.70352537451024,6,True,Kisumu,-0.1211512607314817,34.71869556032767,100,1925.3,18.466666666666665,True,False,False,False,True
V006778,M26,KIS-013,2026-08-25 11:16:59,2026-08-25 11:50:02,-0.0731708968442576,34.70718348447026,2,False,Kisumu,-0.0926441770113048,34.70198752982554,150,2241.1,33.05,True,False,False,True,True
V006782,M27,NAK-020,2026-07-01 11:07:07,2026-07-01 11:56:11,-0.3181090186859591,36.08689729586644,0,True,Nakuru,-0.3107433598579717,36.073913714118056,75,1659.8,49.06666666666667,True,False,True,False,True
V006843,M27,NAK-005,2026-07-14 08:33:44,2026-07-14 09:07:04,-0.2768110422677143,36.10040650807802,3,True,Nakuru,-0.2754945586646488,36.10006695339341,150,151.2,33.333333333333336,True,False,False,False,True
V006869,M27,NAK-018,2026-07-20 10:01:27,2026-07-20 10:30:45,-0.2960395604159887,36.08070863532252,3,True,Nakuru,-0.2972570322262172,36.07993912917173,150,160.2,29.3,True,False,False,False,True
V006882,M27,NAK-001,2026-07-23 14:25:44,2026-07-23 14:30:30,-0.3081091191788974,36.115467040857176,0,False,Nakuru,-0.3083477629014689,36.11564282651637,75,33.0,4.766666666666667,False,True,True,True,True
V006903,M27,NAK-028,2026-07-28 15:23:57,2026-07-28 15:24:59,-0.3107797636483569,36.09068062128884,0,False,Nakuru,-0.3286612615149779,36.06487486311977,75,3491.0,1.0333333333333334,True,True,True,True,True
V006911,M27,NAK-005,2026-07-30 09:17:49,2026-07-30 09:20:54,-0.2755234766795443,36.09982858323272,0,False,Nakuru,-0.2754945586646488,36.10006695339341,150,26.7,3.0833333333333335,False,True,True,True,True
V006940,M27,NAK-008,2026-08-06 14:58:29,2026-08-06 15:03:09,-0.2578658339931023,36.09699141704116,3,False,Nakuru,-0.2576451146530867,36.09667063705424,75,43.3,4.666666666666667,False,True,False,True,True
V006983,M27,NAK-029,2026-08-14 12:38:24,2026-08-14 13:24:44,-0.3081969351635983,36.08763999713214,4,True,Nakuru,-0.3091593428131105,36.08643361836329,150,171.6,46.333333333333336,True,False,False,False,True
V006999,M27,NAK-004,2026-08-18 15:56:41,2026-08-18 16:34:19,-0.358054196944212,36.12785345073013,3,True,Nakuru,-0.3575026503401718,36.12707317538851,100,106.2,37.63333333333333,True,False,False,False,True
V007022,M27,NAK-010,2026-08-24 14:58:23,2026-08-24 15:01:55,-0.2587310160964778,36.104093847275614,0,True,Nakuru,-0.2549188496648253,36.095200619126814,75,1075.9,3.533333333333333,True,True,True,False,True
V007046,M28,ELD-000,2026-07-02 14:06:25,2026-07-02 14:07:29,0.569930543395992,35.287234706302456,6,False,Eldoret,0.5701262731998401,35.287759168543126,150,62.2,1.0666666666666667,False,True,False,True,True
V007054,M28,ELD-017,2026-07-06 12:23:21,2026-07-06 12:27:17,0.5472253739786693,35.265959761031674,6,False,Eldoret,0.5448753769809355,35.276311848164895,150,1180.3,3.933333333333333,True,True,False,True,True
V007058,M28,ELD-008,2026-07-06 14:34:17,2026-07-06 14:37:20,0.5114091050875016,35.28399623659662,4,False,Eldoret,0.4794544252141758,35.27349065707077,150,3740.3,3.05,True,True,False,True,True
V007060,M28,ELD-012,2026-07-07 08:39:18,2026-07-07 08:59:06,0.5111144999443401,35.23734382397622,4,False,Eldoret,0.503825630285738,35.231008541808976,75,1073.8,19.8,True,False,False,True,True
V007073,M28,ELD-021,2026-07-09 14:31:01,2026-07-09 15:14:29,0.5142366039960455,35.255609647911896,0,True,Eldoret,0.5024889735677475,35.26112881336003,75,1443.2,43.46666666666667,True,False,True,False,True
V007101,M28,ELD-008,2026-07-15 10:02:33,2026-07-15 10:06:27,0.4796367163062413,35.29669347886728,0,False,Eldoret,0.4794544252141758,35.27349065707077,150,2580.0,3.9,True,True,True,True,True
V007130,M28,ELD-013,2026-07-21 11:22:03,2026-07-21 12:02:27,0.4696227793589808,35.29372330549669,5,True,Eldoret,0.4706840891231463,35.29382944372628,100,118.6,40.4,True,False,False,False,True
V007141,M28,ELD-029,2026-07-23 13:49:08,2026-07-23 14:17:28,0.5055249093483579,35.23933400945147,6,True,Eldoret,0.5048623689245555,35.23919330784173,75,75.3,28.333333333333332,True,False,False,False,True
V007177,M28,ELD-024,2026-07-30 11:30:54,2026-07-30 12:14:18,0.4839718738203136,35.2464621160099,0,False,Eldoret,0.4638594254028976,35.258513985537,100,2607.2,43.4,True,False,True,True,True
V007180,M28,ELD-025,2026-07-31 15:13:18,2026-07-31 16:06:14,0.543020146415523,35.233979774351376,4,True,Eldoret,0.5435126472520009,35.23244768553277,150,178.9,52.93333333333333,True,False,False,False,True
V007200,M28,ELD-037,2026-08-05 10:55:57,2026-08-05 11:00:04,0.4691990704697763,35.26802010545377,3,False,Eldoret,0.4814255123409569,35.26693792270434,150,1364.8,4.116666666666666,True,True,False,True,True
V007209,M28,ELD-014,2026-08-06 15:01:19,2026-08-06 15:02:56,0.5175048248237089,35.27871521536403,0,False,Eldoret,0.5204927455338287,35.300051311653625,75,2395.5,1.6166666666666667,True,True,True,True,True
V007213,M28,ELD-035,2026-08-07 12:44:57,2026-08-07 12:49:43,0.5208267443676787,35.3038835867284,6,False,Eldoret,0.4913793457262091,35.287630251277335,75,3740.0,4.766666666666667,True,True,False,True,True
V007220,M28,ELD-026,2026-08-10 10:27:10,2026-08-10 10:29:17,0.5242638969495376,35.23880907158793,6,False,Eldoret,0.5241171344754539,35.23868147225048,100,21.6,2.1166666666666667,False,True,False,True,True
V007227,M28,ELD-000,2026-08-11 10:25:10,2026-08-11 10:58:54,0.593561308326744,35.28523332371957,0,True,Eldoret,0.5701262731998401,35.287759168543126,150,2620.9,33.733333333333334,True,False,True,False,True
V007232,M28,ELD-019,2026-08-12 11:17:19,2026-08-12 11:19:13,0.5280119253500948,35.21249096460521,0,True,Eldoret,0.5279149436936819,35.21302816282981,150,60.7,1.9,False,True,True,False,True
V007246,M28,ELD-007,2026-08-14 08:02:38,2026-08-14 08:04:08,0.5031834184093176,35.24715540314489,2,False,Eldoret,0.4788834540909034,35.26831717157695,75,3583.0,1.5,True,True,False,True,True
V007248,M28,ELD-020,2026-08-14 10:23:14,2026-08-14 10:59:34,0.5325061356491737,35.3095519305391,5,True,Eldoret,0.5319408109328166,35.310300289630895,100,104.3,36.333333333333336,True,False,False,False,True
V007278,M28,ELD-034,2026-08-21 11:25:59,2026-08-21 11:30:15,0.5258057861596491,35.23206446335527,0,False,Eldoret,0.525595059808775,35.26318150980329,150,3460.0,4.266666666666667,True,True,True,True,True
V007291,M28,ELD-030,2026-08-25 11:37:44,2026-08-25 12:30:01,0.5356122236026312,35.30397742482251,3,True,Eldoret,0.5125547055247792,35.29648622676664,75,2695.8,52.28333333333333,True,False,False,False,True
V007315,M29,NAK-018,2026-07-06 15:29:33,2026-07-06 15:31:50,-0.2972588061687063,36.0799386810927,2,False,Nakuru,-0.2972570322262172,36.07993912917173,150,0.2,2.283333333333333,False,True,False,True,True
V007333,M29,NAK-008,2026-07-09 08:56:49,2026-07-09 09:47:30,-0.2485632546204163,36.09545008749895,0,False,Nakuru,-0.2576451146530867,36.09667063705424,75,1018.9,50.68333333333333,True,False,True,True,True
V007360,M29,NAK-024,2026-07-15 13:53:48,2026-07-15 14:41:09,-0.2725505022138419,36.08477397315251,0,False,Nakuru,-0.2952202062756977,36.096601742085525,100,2843.2,47.35,True,False,True,True,True
V007372,M29,NAK-016,2026-07-17 10:59:39,2026-07-17 11:31:49,-0.3184625770382221,36.09724949177025,0,False,Nakuru,-0.3261179602969458,36.09731140241902,150,851.3,32.166666666666664,True,False,True,True,True
V007389,M29,NAK-012,2026-07-22 08:43:42,2026-07-22 09:12:40,-0.3050473033599818,36.10689684973617,2,True,Nakuru,-0.3050058467240968,36.10620974103411,75,76.5,28.966666666666665,True,False,False,False,True
V007431,M29,NAK-030,2026-07-31 15:53:50,2026-07-31 16:47:48,-0.298375824197797,36.08483607223371,4,True,Nakuru,-0.2940978186586366,36.071036792399646,150,1606.4,53.96666666666667,True,False,False,False,True
V007447,M29,NAK-010,2026-08-05 14:18:19,2026-08-05 15:08:29,-0.2546464618831131,36.095846022422045,2,True,Nakuru,-0.2549188496648253,36.095200619126814,75,77.9,50.166666666666664,True,False,False,False,True
V007560,M30,ELD-016,2026-07-03 09:09:24,2026-07-03 09:13:17,0.5240356842595423,35.235787460956665,0,False,Eldoret,0.5257628435999672,35.258687766487974,150,2553.5,3.8833333333333333,True,True,True,True,True
V007598,M30,ELD-006,2026-07-10 15:44:02,2026-07-10 15:46:19,0.5112185241587063,35.21577233719777,0,False,Eldoret,0.5205079146386397,35.24662066615904,100,3582.2,2.283333333333333,True,True,True,True,True
V007627,M30,ELD-011,2026-07-17 11:59:49,2026-07-17 12:02:36,0.5329663415511197,35.24559220284377,4,True,Eldoret,0.5294356168995427,35.26603791484342,150,2307.0,2.783333333333333,True,True,False,False,True
V007634,M30,ELD-012,2026-07-20 15:40:41,2026-07-20 15:42:03,0.5238849184776163,35.212647250088295,0,False,Eldoret,0.503825630285738,35.231008541808976,75,3023.8,1.3666666666666667,True,True,True,True,True
V007664,M30,ELD-033,2026-07-24 11:49:19,2026-07-24 12:16:31,0.4989969234717096,35.31542513061555,6,True,Eldoret,0.49845490932728,35.31494905049195,75,80.2,27.2,True,False,False,False,True
V007670,M30,ELD-006,2026-07-24 12:07:26,2026-07-24 12:08:49,0.5169292089698765,35.25473788051265,6,False,Eldoret,0.5205079146386397,35.24662066615904,100,986.4,1.3833333333333333,True,True,False,True,True
V007671,M30,ELD-002,2026-07-27 10:45:02,2026-07-27 11:24:31,0.4389462711953725,35.22171752809606,0,False,Eldoret,0.4555996476469838,35.22772897741532,150,1968.7,39.483333333333334,True,False,True,True,True
V007679,M30,ELD-024,2026-07-28 14:17:27,2026-07-28 14:18:43,0.4642053965414615,35.259138563780624,0,False,Eldoret,0.4638594254028976,35.258513985537,100,79.4,1.2666666666666666,False,True,True,True,True
V007735,M30,ELD-020,2026-08-07 11:06:30,2026-08-07 11:52:25,0.532576585366096,35.30951755450309,3,True,Eldoret,0.5319408109328166,35.310300289630895,100,112.1,45.916666666666664,True,False,False,False,True
V007742,M30,ELD-038,2026-08-10 10:17:22,2026-08-10 11:08:20,0.5501516601484471,35.23156890924859,0,False,Eldoret,0.5427538886164359,35.24281192977995,100,1496.5,50.96666666666667,True,False,True,True,True
V007761,M30,ELD-040,2026-08-13 13:04:11,2026-08-13 13:08:54,0.478788373413483,35.222669937808725,2,False,Eldoret,0.4815555107607806,35.215809214367496,150,822.6,4.716666666666667,True,True,False,True,True
V007788,M30,ELD-042,2026-08-19 13:52:02,2026-08-19 13:56:36,0.4892855631365,35.24109311882361,0,False,Eldoret,0.4813589324383472,35.2477017532684,100,1147.5,4.566666666666666,True,True,True,True,True
V007802,M30,ELD-036,2026-08-21 08:18:36,2026-08-21 08:23:29,0.5321874015787266,35.268818920894006,2,False,Eldoret,0.5320963174214094,35.26858125478349,100,28.3,4.883333333333334,False,True,False,True,True
V007832,M31,ELD-008,2026-07-02 11:05:27,2026-07-02 11:26:20,0.4685802654703633,35.28305590746793,3,False,Eldoret,0.4794544252141758,35.27349065707077,150,1610.4,20.883333333333333,True,False,False,True,True
V007906,M31,ELD-027,2026-07-17 09:55:55,2026-07-17 10:00:41,0.498963249582053,35.25616596118315,6,False,Eldoret,0.4989520818572298,35.25622802969884,75,7.0,4.766666666666667,False,True,False,True,True
V007922,M31,ELD-038,2026-07-21 12:47:24,2026-07-21 12:51:15,0.5287917754159442,35.23756681187748,0,True,Eldoret,0.5427538886164359,35.24281192977995,100,1658.4,3.85,True,True,True,False,True
V008020,M31,ELD-015,2026-08-11 08:19:48,2026-08-11 09:00:31,0.4613766208180674,35.247223933790686,6,True,Eldoret,0.4620060251495178,35.246476097785525,100,108.7,40.71666666666667,True,False,False,False,True
V008070,M31,ELD-003,2026-08-21 09:21:25,2026-08-21 09:59:32,0.5382954694016847,35.29159796156201,6,True,Eldoret,0.539639177574063,35.2911870518041,150,156.2,38.11666666666667,True,False,False,False,True
V008326,M32,KIS-003,2026-08-20 14:13:48,2026-08-20 14:30:47,-0.1212899558490496,34.71735626566189,3,True,Kisumu,-0.1211512607314817,34.71869556032767,100,149.7,16.983333333333334,True,False,False,False,True
V008590,M33,NAK-027,2026-08-20 11:11:59,2026-08-20 11:35:49,-0.2736800258953323,36.052212680629935,4,True,Nakuru,-0.274212138557974,36.05173726275746,75,79.3,23.833333333333332,True,False,False,False,True
V008629,M34,MOM-036,2026-07-06 14:27:08,2026-07-06 14:28:56,-4.06672743275655,39.70728702695224,3,False,Mombasa,-4.056668529519834,39.71344918947994,150,1310.8,1.8,True,True,False,True,True
V008676,M34,MOM-018,2026-07-15 08:52:19,2026-07-15 09:22:47,-3.998849378527677,39.68725381445091,5,False,Mombasa,-3.9992848391925855,39.65674199480969,100,3384.8,30.466666666666665,True,False,False,True,True
V008701,M34,MOM-033,2026-07-21 15:19:38,2026-07-21 15:24:11,-4.067857594082744,39.709030331797656,5,False,Mombasa,-4.084459061600194,39.69648589795206,75,2311.6,4.55,True,True,False,True,True
V008866,M35,NYE-004,2026-07-01 10:05:43,2026-07-01 10:39:07,-0.4138928119125057,36.951027477411,0,True,Nyeri,-0.4296077709639299,36.95431800103846,100,1785.3,33.4,True,False,True,False,True
V008871,M35,NYE-008,2026-07-01 12:24:12,2026-07-01 13:02:37,-0.3982153915820377,36.97116325346512,4,True,Nyeri,-0.3975911384255417,36.97161134628614,75,85.4,38.416666666666664,True,False,False,False,True
V008903,M35,NYE-010,2026-07-07 14:25:00,2026-07-07 14:26:55,-0.3593580352670746,36.86074401103148,5,False,Nyeri,-0.3782662836637082,36.86241291746605,150,2110.7,1.9166666666666667,True,True,False,True,True
V008908,M35,NYE-008,2026-07-08 11:22:56,2026-07-08 11:27:05,-0.3973419089938069,36.97164984164365,3,False,Nyeri,-0.3975911384255417,36.97161134628614,75,28.0,4.15,False,True,False,True,True
V008939,M35,NYE-021,2026-07-15 09:03:58,2026-07-15 09:06:25,-0.4421822731719245,36.945266119358216,0,False,Nyeri,-0.4422730144723875,36.94524049544234,100,10.5,2.45,False,True,True,True,True
V009009,M35,NYE-015,2026-07-31 14:48:38,2026-07-31 15:09:32,-0.4450542094892796,36.89042854244839,6,True,Nyeri,-0.4461051711061277,36.89018578590465,100,119.9,20.9,True,False,False,False,True
V009024,M35,NYE-033,2026-08-04 12:02:05,2026-08-04 12:06:25,-0.416090701615506,36.94245808792648,0,True,Nyeri,-0.4157034331956699,36.94275311503464,150,54.1,4.333333333333333,False,True,True,False,True
V009069,M35,NYE-027,2026-08-13 11:11:09,2026-08-13 12:03:02,-0.4685711600013892,36.92166066551237,4,False,Nyeri,-0.4602858125142227,36.928505671234426,75,1195.0,51.88333333333333,True,False,False,True,True
V009080,M35,NYE-030,2026-08-17 12:12:40,2026-08-17 12:40:50,-0.4316758877939744,36.91715044305702,3,True,Nyeri,-0.4312081098032442,36.91770381594167,75,80.6,28.166666666666668,True,False,False,False,True
V009084,M35,NYE-011,2026-08-18 14:45:21,2026-08-18 14:46:49,-0.4082950116929655,36.91967564987164,5,False,Nyeri,-0.4042011969295237,36.914727343176544,100,714.1,1.4666666666666666,True,True,False,True,True
V009112,M35,NYE-032,2026-08-24 13:07:27,2026-08-24 13:10:18,-0.4393315306435829,36.94894546148918,0,False,Nyeri,-0.4561240826863457,36.95406769727034,75,1952.2,2.85,True,True,True,True,True
V009156,M36,NYE-005,2026-07-09 08:27:34,2026-07-09 08:31:07,-0.42346555731544,36.94547623337565,0,False,Nyeri,-0.420931485269424,36.95179885271022,75,757.4,3.55,True,True,True,True,True
V009182,M36,NYE-021,2026-07-15 14:43:35,2026-07-15 15:07:50,-0.442109536386494,36.94432429678072,2,True,Nyeri,-0.4422730144723875,36.94524049544234,100,103.5,24.25,True,False,False,False,True
V009200,M36,NYE-016,2026-07-20 13:09:48,2026-07-20 13:11:52,-0.4213728926821111,36.94398046690707,0,False,Nyeri,-0.4209270975775889,36.94447836926497,100,74.3,2.066666666666667,False,True,True,True,True
V009250,M36,NYE-016,2026-07-30 09:31:00,2026-07-30 10:07:51,-0.4211313321458321,36.94343480564711,3,True,Nyeri,-0.4209270975775889,36.94447836926497,100,118.2,36.85,True,False,False,False,True
V009257,M36,NYE-002,2026-07-31 09:59:45,2026-07-31 10:54:21,-0.4077064638658453,36.9176321874756,6,False,Nyeri,-0.4070165970665783,36.91785844484354,75,80.7,54.6,True,False,False,True,True
V009287,M36,NYE-001,2026-08-06 15:59:31,2026-08-06 16:31:31,-0.4413018260654136,36.96357988747533,2,True,Nyeri,-0.4416454420938061,36.96449916196048,100,109.1,32.0,True,False,False,False,True
V009307,M36,NYE-017,2026-08-11 15:25:56,2026-08-11 16:06:11,-0.4235543808328291,36.91350429348741,6,True,Nyeri,-0.4228137578392851,36.9133457111832,75,84.2,40.25,True,False,False,False,True
V009311,M36,NYE-010,2026-08-12 09:06:09,2026-08-12 09:58:40,-0.3793461748187101,36.86327838821494,2,True,Nyeri,-0.3782662836637082,36.86241291746605,150,153.9,52.516666666666666,True,False,False,False,True
V009377,M37,NAK-015,2026-07-02 11:22:46,2026-07-02 11:59:16,-0.3293078528159133,36.10621015822137,2,True,Nakuru,-0.3286318655446221,36.10653755097688,75,83.5,36.5,True,False,False,False,True
V009401,M37,NAK-031,2026-07-08 13:31:41,2026-07-08 13:33:49,-0.3004855538313112,36.08791967475496,5,False,Nakuru,-0.2968022286835189,36.077480908894,100,1230.9,2.1333333333333333,True,True,False,True,True
V009411,M37,NAK-015,2026-07-09 13:17:18,2026-07-09 13:35:27,-0.3292974420932604,36.10670941999796,4,True,Nakuru,-0.3286318655446221,36.10653755097688,75,76.4,18.15,True,False,False,False,True
V009454,M37,NAK-006,2026-07-17 10:00:48,2026-07-17 10:26:05,-0.2751387310275937,36.075358280651805,0,True,Nakuru,-0.2996955423700904,36.086464668175466,75,2996.9,25.283333333333335,True,False,True,False,True
V009455,M37,NAK-019,2026-07-17 12:33:08,2026-07-17 12:38:00,-0.2891849688382896,36.140495366773735,0,True,Nakuru,-0.2891724175285986,36.14046548160426,75,3.6,4.866666666666666,False,True,True,False,True
V009482,M37,NAK-028,2026-07-27 14:30:21,2026-07-27 14:55:32,-0.3293634156531522,36.0651992191758,5,True,Nakuru,-0.3286612615149779,36.06487486311977,75,86.0,25.183333333333334,True,False,False,False,True
V009501,M37,NAK-006,2026-07-29 15:23:22,2026-07-29 16:16:30,-0.3000815777520427,36.08573011720395,4,True,Nakuru,-0.2996955423700904,36.086464668175466,75,92.3,53.13333333333333,True,False,False,False,True
V009520,M37,NAK-031,2026-08-03 15:38:12,2026-08-03 15:55:35,-0.297264808223193,36.07665707415659,6,True,Nakuru,-0.2968022286835189,36.077480908894,100,105.1,17.383333333333333,True,False,False,False,True
V009594,M37,NAK-002,2026-08-18 13:54:57,2026-08-18 14:40:13,-0.304316981586389,36.101649647375375,0,False,Nakuru,-0.2929671881882695,36.07983334909392,150,2734.5,45.266666666666666,True,False,True,True,True
V009598,M37,NAK-028,2026-08-19 15:42:33,2026-08-19 16:14:06,-0.3290699587834084,36.06566292230079,4,True,Nakuru,-0.3286612615149779,36.06487486311977,75,98.7,31.55,True,False,False,False,True
V009632,M38,ELD-041,2026-07-02 08:25:26,2026-07-02 08:29:35,0.51258073897418,35.30295394836951,0,False,Eldoret,0.5122234949717579,35.30317054875989,75,46.5,4.15,False,True,True,True,True
V009639,M38,ELD-005,2026-07-03 13:34:08,2026-07-03 13:54:18,0.495715879501292,35.29491123187783,5,True,Eldoret,0.4936378504535192,35.28910522238391,100,685.7,20.166666666666668,True,False,False,False,True
V009688,M38,ELD-019,2026-07-15 15:42:59,2026-07-15 16:37:03,0.5308409272116189,35.21530376002296,3,False,Eldoret,0.5279149436936819,35.21302816282981,150,412.2,54.06666666666667,True,False,False,True,True
V009714,M38,ELD-042,2026-07-22 13:50:51,2026-07-22 14:27:48,0.4818199580676903,35.24862423986772,2,True,Eldoret,0.4813589324383472,35.2477017532684,100,114.7,36.95,True,False,False,False,True
V009735,M38,ELD-042,2026-07-27 15:43:31,2026-07-27 15:46:06,0.4473464685714839,35.25453152928178,4,False,Eldoret,0.4813589324383472,35.2477017532684,100,3857.5,2.5833333333333335,True,True,False,True,True
V009738,M38,ELD-028,2026-07-27 15:38:48,2026-07-27 15:39:51,0.5235201058652704,35.24556238300355,3,True,Eldoret,0.4979156810217072,35.24518136297587,100,2847.4,1.05,True,True,False,False,True
V009741,M38,ELD-035,2026-07-28 10:34:51,2026-07-28 10:37:44,0.4913830512852853,35.28762960137476,0,False,Eldoret,0.4913793457262091,35.287630251277335,75,0.4,2.8833333333333333,False,True,True,True,True
V009746,M38,ELD-014,2026-07-29 10:44:48,2026-07-29 10:46:58,0.520365439144916,35.30028984064189,0,True,Eldoret,0.5204927455338287,35.300051311653625,75,30.1,2.1666666666666665,False,True,True,False,True
V009768,M38,ELD-037,2026-08-03 14:59:23,2026-08-03 15:01:28,0.4817763126598449,35.266418496297405,0,False,Eldoret,0.4814255123409569,35.26693792270434,150,69.7,2.0833333333333335,False,True,True,True,True
V009769,M38,ELD-029,2026-08-03 14:34:17,2026-08-03 15:10:14,0.5048122929880428,35.23912739885717,0,False,Eldoret,0.5048623689245555,35.23919330784173,75,9.2,35.95,False,False,True,True,True
V009787,M38,ELD-017,2026-08-06 11:05:10,2026-08-06 11:06:45,0.560781091302794,35.268761687297136,0,False,Eldoret,0.5448753769809355,35.276311848164895,150,1957.8,1.5833333333333333,True,True,True,True,True
V009797,M38,ELD-007,2026-08-07 10:38:26,2026-08-07 10:42:08,0.4953033006150953,35.29711771650443,0,True,Eldoret,0.4788834540909034,35.26831717157695,75,3686.3,3.7,True,True,True,False,True
V009812,M38,ELD-030,2026-08-12 10:17:10,2026-08-12 10:18:41,0.4978415836539787,35.28063486990428,0,False,Eldoret,0.5125547055247792,35.29648622676664,75,2404.8,1.5166666666666666,True,True,True,True,True
V009821,M38,ELD-005,2026-08-13 09:08:18,2026-08-13 09:09:54,0.513651464085744,35.27607549806416,0,False,Eldoret,0.4936378504535192,35.28910522238391,100,2655.5,1.6,True,True,True,True,True
V009822,M38,ELD-002,2026-08-13 08:40:21,2026-08-13 08:41:28,0.4506804708946098,35.259490233878246,6,False,Eldoret,0.4555996476469838,35.22772897741532,150,3573.7,1.1166666666666667,True,True,False,True,True
V009829,M38,ELD-014,2026-08-14 15:54:57,2026-08-14 16:43:03,0.5211657029553195,35.30032328730518,3,True,Eldoret,0.5204927455338287,35.300051311653625,75,80.7,48.1,True,False,False,False,True
V009839,M38,ELD-024,2026-08-18 10:34:24,2026-08-18 10:38:48,0.4640486086217002,35.25872165978347,6,False,Eldoret,0.4638594254028976,35.258513985537,100,31.2,4.4,False,True,False,True,True
V009857,M38,ELD-000,2026-08-20 10:40:03,2026-08-20 11:06:42,0.5854536020435743,35.29315924950837,6,False,Eldoret,0.5701262731998401,35.287759168543126,150,1807.0,26.65,True,False,False,True,True
V009859,M38,ELD-037,2026-08-21 13:14:11,2026-08-21 13:15:26,0.4735969186575637,35.234913987004504,0,False,Eldoret,0.4814255123409569,35.26693792270434,150,3665.6,1.25,True,True,True,True,True
V009873,M39,KIS-012,2026-07-01 14:00:16,2026-07-01 14:05:00,-0.0934406760674135,34.75805535992474,0,False,Kisumu,-0.089568368887662,34.75927849958198,150,451.6,4.733333333333333,True,True,True,True,True
V009883,M39,KIS-023,2026-07-02 15:06:49,2026-07-02 15:08:09,-0.0851449646943781,34.70417330734137,0,False,Kisumu,-0.0922207485887381,34.72826063348068,150,2791.6,1.3333333333333333,True,True,True,True,True
V009894,M39,KIS-026,2026-07-03 08:11:37,2026-07-03 08:12:37,-0.1805474043582337,34.76834259307015,2,False,Kisumu,-0.1704067839003577,34.77551194048833,75,1380.9,1.0,True,True,False,True,True
V009930,M39,KIS-016,2026-07-13 14:48:38,2026-07-13 15:27:07,-0.0530821423986701,34.76835531817722,2,True,Kisumu,-0.0519932044969182,34.76941359718392,150,168.8,38.483333333333334,True,False,False,False,True
V009958,M39,KIS-005,2026-07-20 10:04:26,2026-07-20 10:39:12,-0.1213659763864107,34.7496439124787,3,True,Kisumu,-0.1216788482427781,34.7482582362449,150,158.0,34.766666666666666,True,False,False,False,True
V009963,M39,KIS-005,2026-07-21 10:58:25,2026-07-21 11:33:28,-0.1280717831848912,34.71680379676515,0,True,Kisumu,-0.1216788482427781,34.7482582362449,150,3569.1,35.05,True,False,True,False,True
V009993,M39,KIS-026,2026-07-28 09:26:25,2026-07-28 09:30:32,-0.1704296261425922,34.77550407855776,0,False,Kisumu,-0.1704067839003577,34.77551194048833,75,2.7,4.116666666666666,False,True,True,True,True
V009996,M39,KIS-005,2026-07-28 10:36:35,2026-07-28 10:40:22,-0.1167053448144916,34.733874974945095,0,True,Kisumu,-0.1216788482427781,34.7482582362449,150,1692.3,3.783333333333333,True,True,True,False,True
V010018,M39,KIS-009,2026-07-31 11:55:58,2026-07-31 11:58:52,-0.0554493111942175,34.76509640742884,0,False,Kisumu,-0.0653629286649486,34.76531536114335,100,1102.6,2.9,True,True,True,True,True
V010053,M39,KIS-001,2026-08-07 09:01:41,2026-08-07 09:03:53,-0.1341952268933465,34.77112635753177,0,False,Kisumu,-0.0993740921414576,34.76915604291311,75,3878.1,2.2,True,True,True,True,True
V010065,M39,KIS-005,2026-08-11 12:36:34,2026-08-11 13:23:36,-0.120161161371508,34.74853528716867,4,True,Kisumu,-0.1216788482427781,34.7482582362449,150,171.5,47.03333333333333,True,False,False,False,True
V010091,M39,KIS-022,2026-08-17 09:25:31,2026-08-17 09:26:35,-0.0590662595444995,34.730204711746126,0,False,Kisumu,-0.0591846297229856,34.72986847534828,75,39.6,1.0666666666666667,False,True,True,True,True
V010118,M39,KIS-003,2026-08-21 08:33:36,2026-08-21 09:00:35,-0.1348423555072452,34.71367395272637,5,False,Kisumu,-0.1211512607314817,34.71869556032767,100,1621.6,26.983333333333334,True,False,False,True,True
V010126,M39,KIS-012,2026-08-25 15:32:23,2026-08-25 16:09:02,-0.1042819879374973,34.765784110943585,0,False,Kisumu,-0.089568368887662,34.75927849958198,150,1788.9,36.65,True,False,True,True,True
V010146,M40,KIS-003,2026-07-03 12:07:53,2026-07-03 12:38:05,-0.1210686916656844,34.718613051335915,0,False,Kisumu,-0.1211512607314817,34.71869556032767,100,13.0,30.2,False,False,True,True,True
V010207,M40,KIS-015,2026-07-16 08:20:38,2026-07-16 08:23:27,-0.1387095923405508,34.74952171495884,2,True,Kisumu,-0.1125741784113548,34.75209653950683,75,2920.2,2.816666666666667,True,True,False,False,True
V010232,M40,KIS-022,2026-07-22 14:58:46,2026-07-22 15:19:51,-0.0597111248692321,34.72936258671296,5,True,Kisumu,-0.0591846297229856,34.72986847534828,75,81.2,21.083333333333332,True,False,False,False,True
V010285,M40,KIS-017,2026-08-03 13:05:50,2026-08-03 13:22:36,-0.0962191192041112,34.80268066446304,3,False,Kisumu,-0.1202209960460726,34.8019183969075,100,2670.2,16.766666666666666,True,False,False,True,True
V010324,M40,KIS-008,2026-08-11 13:29:46,2026-08-11 14:03:24,-0.0813252231007461,34.829399087780786,3,True,Kisumu,-0.0818073222374535,34.8287548296064,75,89.5,33.63333333333333,True,False,False,False,True
V010329,M40,KIS-022,2026-08-12 11:58:20,2026-08-12 12:02:07,-0.0397027113660111,34.7330650018462,0,False,Kisumu,-0.0591846297229856,34.72986847534828,75,2195.3,3.783333333333333,True,True,True,True,True
V010351,M40,KIS-002,2026-08-18 10:08:48,2026-08-18 10:12:09,-0.1104621477970718,34.731070105307666,6,False,Kisumu,-0.1178154682210183,34.72259516778184,100,1247.6,3.35,True,True,False,True,True
V010397,M41,NAK-025,2026-07-02 13:55:15,2026-07-02 13:57:03,-0.3064192697627948,36.06877835004709,4,True,Nakuru,-0.3089018520619715,36.06220982609175,75,780.8,1.8,True,True,False,False,True
V010400,M41,NAK-009,2026-07-03 09:30:56,2026-07-03 09:34:51,-0.3203748366545076,36.060967037440655,0,False,Nakuru,-0.3203817615133019,36.06095004537765,100,2.0,3.9166666666666665,False,True,True,True,True
V010417,M41,NAK-003,2026-07-07 14:26:46,2026-07-07 14:27:54,-0.3195759909829936,36.06875117408145,4,False,Nakuru,-0.3196574378929094,36.06831709085374,75,49.1,1.1333333333333333,False,True,False,True,True
V010442,M41,NAK-004,2026-07-13 14:22:24,2026-07-13 14:54:52,-0.3578971646138076,36.12622381930375,5,True,Nakuru,-0.3575026503401718,36.12707317538851,100,104.1,32.46666666666667,True,False,False,False,True
V010443,M41,NAK-010,2026-07-13 15:48:19,2026-07-13 15:50:08,-0.2419303244783083,36.08924963359939,4,True,Nakuru,-0.2549188496648253,36.095200619126814,75,1588.6,1.8166666666666667,True,True,False,False,True
V010444,M41,NAK-012,2026-07-13 08:42:15,2026-07-13 08:46:33,-0.3050480978221535,36.10622126851341,0,False,Nakuru,-0.3050058467240968,36.10620974103411,75,4.9,4.3,False,True,True,True,True
V010469,M41,NAK-016,2026-07-17 08:52:47,2026-07-17 09:39:13,-0.3242573258014152,36.11199753415433,0,False,Nakuru,-0.3261179602969458,36.09731140241902,150,1646.1,46.43333333333333,True,False,True,True,True
V010475,M41,NAK-026,2026-07-20 13:36:38,2026-07-20 13:54:47,-0.3470484277605003,36.077805810969366,0,True,Nakuru,-0.3435969319434882,36.08125121241039,150,542.3,18.15,True,False,True,False,True
V010486,M41,NAK-014,2026-07-22 14:07:44,2026-07-22 14:31:43,-0.2995350824886339,36.03232364867237,0,False,Nakuru,-0.2997121689600549,36.03220967363763,75,23.4,23.983333333333334,False,False,True,True,True
V010491,M41,NAK-018,2026-07-23 10:43:07,2026-07-23 11:35:11,-0.2958967564436117,36.08054325088373,2,True,Nakuru,-0.2972570322262172,36.07993912917173,150,165.5,52.06666666666667,True,False,False,False,True
V010495,M41,NAK-025,2026-07-24 13:13:20,2026-07-24 13:14:58,-0.3128711350895177,36.026744633840536,6,False,Nakuru,-0.3089018520619715,36.06220982609175,75,3968.1,1.6333333333333333,True,True,False,True,True
V010509,M41,NAK-028,2026-07-28 15:24:54,2026-07-28 15:41:39,-0.329303537937313,36.065097795421366,6,True,Nakuru,-0.3286612615149779,36.06487486311977,75,75.6,16.75,True,False,False,False,True
V010527,M41,NAK-000,2026-07-31 11:01:54,2026-07-31 11:28:51,-0.3005621651008066,36.04697963950776,5,True,Nakuru,-0.3005034793957641,36.04769375240518,75,79.7,26.95,True,False,False,False,True
V010557,M41,NAK-012,2026-08-06 13:24:02,2026-08-06 14:11:39,-0.3135202182045901,36.134089994046185,0,True,Nakuru,-0.3050058467240968,36.10620974103411,75,3241.4,47.61666666666667,True,False,True,False,True
V010579,M41,NAK-031,2026-08-12 11:32:57,2026-08-12 11:34:33,-0.3096275211982674,36.07658638363026,0,True,Nakuru,-0.2968022286835189,36.077480908894,100,1429.6,1.6,True,True,True,False,True
V010590,M41,NAK-001,2026-08-13 09:24:46,2026-08-13 09:42:56,-0.3077168823240724,36.11626308738551,4,True,Nakuru,-0.3083477629014689,36.11564282651637,75,98.4,18.166666666666668,True,False,False,False,True
V010607,M41,NAK-022,2026-08-18 14:09:00,2026-08-18 15:03:12,-0.3356268086438683,36.118900606763965,3,True,Nakuru,-0.3362079307305445,36.11839001815531,75,86.0,54.2,True,False,False,False,True
V010630,M41,NAK-004,2026-08-21 13:01:02,2026-08-21 13:46:25,-0.3576273392420623,36.12702557666602,0,False,Nakuru,-0.3575026503401718,36.12707317538851,100,14.8,45.38333333333333,False,False,True,True,True
V010663,M42,MOM-008,2026-07-03 14:24:48,2026-07-03 14:26:03,-4.020333950177563,39.642782111222,0,False,Mombasa,-4.020297844920072,39.642635089013616,100,16.8,1.25,False,True,True,True,True
V010683,M42,MOM-014,2026-07-08 15:40:19,2026-07-08 16:14:13,-4.060882627330263,39.62973484626139,5,True,Mombasa,-4.061782192991606,39.62966824545047,100,100.3,33.9,True,False,False,False,True
V010748,M42,MOM-007,2026-07-22 12:30:42,2026-07-22 13:03:15,-4.114692220387422,39.70917519632077,0,False,Mombasa,-4.1068570112546645,39.69339825564443,100,1954.7,32.55,True,False,True,True,True
V010758,M42,MOM-031,2026-07-24 09:29:19,2026-07-24 09:32:04,-4.042437155603827,39.7032921843937,0,True,Mombasa,-4.042333353284166,39.70329524960756,150,11.5,2.75,False,True,True,False,True
V010771,M42,MOM-015,2026-07-27 10:48:30,2026-07-27 10:52:09,-4.005453380788037,39.66315745892525,2,False,Mombasa,-4.005287920588568,39.66337737280382,100,30.6,3.65,False,True,False,True,True
V010806,M42,MOM-041,2026-08-04 08:52:31,2026-08-04 09:38:48,-4.042816897829916,39.69364389463372,4,True,Mombasa,-4.043372161659425,39.69319182431016,75,79.5,46.28333333333333,True,False,False,False,True
V010807,M42,MOM-022,2026-08-04 08:20:43,2026-08-04 08:25:42,-4.086611525183891,39.66163841889711,0,True,Mombasa,-4.086620729074436,39.66174434455246,100,11.8,4.983333333333333,False,True,True,False,True
V010833,M42,MOM-008,2026-08-10 10:58:48,2026-08-10 11:35:05,-4.029794520472584,39.64709576012002,2,False,Mombasa,-4.020297844920072,39.642635089013616,100,1166.2,36.28333333333333,True,False,False,True,True
V010837,M42,MOM-022,2026-08-11 11:53:24,2026-08-11 12:26:03,-4.087125048357692,39.66184045863876,0,False,Mombasa,-4.086620729074436,39.66174434455246,100,57.1,32.65,False,False,True,True,True
V010839,M42,MOM-014,2026-08-11 09:53:03,2026-08-11 10:43:31,-4.062728301312904,39.6293939380707,2,True,Mombasa,-4.061782192991606,39.62966824545047,100,109.5,50.46666666666667,True,False,False,False,True
V010840,M42,MOM-028,2026-08-11 15:52:26,2026-08-11 16:12:04,-4.033865611709038,39.66829522991235,4,True,Mombasa,-4.034249589309326,39.66698628695698,150,151.3,19.633333333333333,True,False,False,False,True
V010859,M42,MOM-029,2026-08-17 10:34:51,2026-08-17 10:38:23,-4.056523127816987,39.65264754048904,3,False,Mombasa,-4.056234356082865,39.65276117088988,75,34.5,3.533333333333333,False,True,False,True,True
